-- MySQL dump 10.13  Distrib 5.5.44, for debian-linux-gnu (x86_64)
--
-- Host: localhost    Database: producao
-- ------------------------------------------------------
-- Server version	5.5.44-0+deb8u1

/*!40101 SET @OLD_CHARACTER_SET_CLIENT=@@CHARACTER_SET_CLIENT */;
/*!40101 SET @OLD_CHARACTER_SET_RESULTS=@@CHARACTER_SET_RESULTS */;
/*!40101 SET @OLD_COLLATION_CONNECTION=@@COLLATION_CONNECTION */;
/*!40101 SET NAMES utf8 */;
/*!40103 SET @OLD_TIME_ZONE=@@TIME_ZONE */;
/*!40103 SET TIME_ZONE='+00:00' */;
/*!40014 SET @OLD_UNIQUE_CHECKS=@@UNIQUE_CHECKS, UNIQUE_CHECKS=0 */;
/*!40014 SET @OLD_FOREIGN_KEY_CHECKS=@@FOREIGN_KEY_CHECKS, FOREIGN_KEY_CHECKS=0 */;
/*!40101 SET @OLD_SQL_MODE=@@SQL_MODE, SQL_MODE='NO_AUTO_VALUE_ON_ZERO' */;
/*!40111 SET @OLD_SQL_NOTES=@@SQL_NOTES, SQL_NOTES=0 */;

--
-- Table structure for table `prodAgendaHorario`
--

DROP TABLE IF EXISTS `prodAgendaHorario`;
/*!40101 SET @saved_cs_client     = @@character_set_client */;
/*!40101 SET character_set_client = utf8 */;
CREATE TABLE `prodAgendaHorario` (
  `idAgendaHorario` int(11) NOT NULL AUTO_INCREMENT,
  `idAno` datetime DEFAULT NULL COMMENT '			\n',
  `dsAgendaHorario` varchar(45) DEFAULT NULL,
  PRIMARY KEY (`idAgendaHorario`)
) ENGINE=InnoDB AUTO_INCREMENT=37 DEFAULT CHARSET=latin1;
/*!40101 SET character_set_client = @saved_cs_client */;

--
-- Dumping data for table `prodAgendaHorario`
--

LOCK TABLES `prodAgendaHorario` WRITE;
/*!40000 ALTER TABLE `prodAgendaHorario` DISABLE KEYS */;
INSERT INTO `prodAgendaHorario` VALUES (36,'2016-01-01 00:00:00','TESTE');
/*!40000 ALTER TABLE `prodAgendaHorario` ENABLE KEYS */;
UNLOCK TABLES;

--
-- Table structure for table `prodAgendaHorarioItens`
--

DROP TABLE IF EXISTS `prodAgendaHorarioItens`;
/*!40101 SET @saved_cs_client     = @@character_set_client */;
/*!40101 SET character_set_client = utf8 */;
CREATE TABLE `prodAgendaHorarioItens` (
  `idAgendaHorarioItens` int(11) NOT NULL AUTO_INCREMENT,
  `dtAgenda` datetime DEFAULT NULL,
  `idAgendaHorario` int(11) DEFAULT NULL,
  PRIMARY KEY (`idAgendaHorarioItens`),
  KEY `fk_prodAgendaHorarioItens_1_idx` (`idAgendaHorario`),
  CONSTRAINT `fk_prodAgendaHorarioItens_1` FOREIGN KEY (`idAgendaHorario`) REFERENCES `prodAgendaHorario` (`idAgendaHorario`) ON DELETE NO ACTION ON UPDATE NO ACTION
) ENGINE=InnoDB AUTO_INCREMENT=5911 DEFAULT CHARSET=latin1;
/*!40101 SET character_set_client = @saved_cs_client */;

--
-- Dumping data for table `prodAgendaHorarioItens`
--

LOCK TABLES `prodAgendaHorarioItens` WRITE;
/*!40000 ALTER TABLE `prodAgendaHorarioItens` DISABLE KEYS */;
INSERT INTO `prodAgendaHorarioItens` VALUES (5545,'2016-01-01 00:00:00',36),(5546,'2016-01-02 00:00:00',36),(5547,'2016-01-03 00:00:00',36),(5548,'2016-01-04 00:00:00',36),(5549,'2016-01-05 00:00:00',36),(5550,'2016-01-06 00:00:00',36),(5551,'2016-01-07 00:00:00',36),(5552,'2016-01-08 00:00:00',36),(5553,'2016-01-09 00:00:00',36),(5554,'2016-01-10 00:00:00',36),(5555,'2016-01-11 00:00:00',36),(5556,'2016-01-12 00:00:00',36),(5557,'2016-01-13 00:00:00',36),(5558,'2016-01-14 00:00:00',36),(5559,'2016-01-15 00:00:00',36),(5560,'2016-01-16 00:00:00',36),(5561,'2016-01-17 00:00:00',36),(5562,'2016-01-18 00:00:00',36),(5563,'2016-01-19 00:00:00',36),(5564,'2016-01-20 00:00:00',36),(5565,'2016-01-21 00:00:00',36),(5566,'2016-01-22 00:00:00',36),(5567,'2016-01-23 00:00:00',36),(5568,'2016-01-24 00:00:00',36),(5569,'2016-01-25 00:00:00',36),(5570,'2016-01-26 00:00:00',36),(5571,'2016-01-27 00:00:00',36),(5572,'2016-01-28 00:00:00',36),(5573,'2016-01-29 00:00:00',36),(5574,'2016-01-30 00:00:00',36),(5575,'2016-01-31 00:00:00',36),(5576,'2016-02-01 00:00:00',36),(5577,'2016-02-02 00:00:00',36),(5578,'2016-02-03 00:00:00',36),(5579,'2016-02-04 00:00:00',36),(5580,'2016-02-05 00:00:00',36),(5581,'2016-02-06 00:00:00',36),(5582,'2016-02-07 00:00:00',36),(5583,'2016-02-08 00:00:00',36),(5584,'2016-02-09 00:00:00',36),(5585,'2016-02-10 00:00:00',36),(5586,'2016-02-11 00:00:00',36),(5587,'2016-02-12 00:00:00',36),(5588,'2016-02-13 00:00:00',36),(5589,'2016-02-14 00:00:00',36),(5590,'2016-02-15 00:00:00',36),(5591,'2016-02-16 00:00:00',36),(5592,'2016-02-17 00:00:00',36),(5593,'2016-02-18 00:00:00',36),(5594,'2016-02-19 00:00:00',36),(5595,'2016-02-20 00:00:00',36),(5596,'2016-02-21 00:00:00',36),(5597,'2016-02-22 00:00:00',36),(5598,'2016-02-23 00:00:00',36),(5599,'2016-02-24 00:00:00',36),(5600,'2016-02-25 00:00:00',36),(5601,'2016-02-26 00:00:00',36),(5602,'2016-02-27 00:00:00',36),(5603,'2016-02-28 00:00:00',36),(5604,'2016-02-29 00:00:00',36),(5605,'2016-03-01 00:00:00',36),(5606,'2016-03-02 00:00:00',36),(5607,'2016-03-03 00:00:00',36),(5608,'2016-03-04 00:00:00',36),(5609,'2016-03-05 00:00:00',36),(5610,'2016-03-06 00:00:00',36),(5611,'2016-03-07 00:00:00',36),(5612,'2016-03-08 00:00:00',36),(5613,'2016-03-09 00:00:00',36),(5614,'2016-03-10 00:00:00',36),(5615,'2016-03-11 00:00:00',36),(5616,'2016-03-12 00:00:00',36),(5617,'2016-03-13 00:00:00',36),(5618,'2016-03-14 00:00:00',36),(5619,'2016-03-15 00:00:00',36),(5620,'2016-03-16 00:00:00',36),(5621,'2016-03-17 00:00:00',36),(5622,'2016-03-18 00:00:00',36),(5623,'2016-03-19 00:00:00',36),(5624,'2016-03-20 00:00:00',36),(5625,'2016-03-21 00:00:00',36),(5626,'2016-03-22 00:00:00',36),(5627,'2016-03-23 00:00:00',36),(5628,'2016-03-24 00:00:00',36),(5629,'2016-03-25 00:00:00',36),(5630,'2016-03-26 00:00:00',36),(5631,'2016-03-27 00:00:00',36),(5632,'2016-03-28 00:00:00',36),(5633,'2016-03-29 00:00:00',36),(5634,'2016-03-30 00:00:00',36),(5635,'2016-03-31 00:00:00',36),(5636,'2016-04-01 00:00:00',36),(5637,'2016-04-02 00:00:00',36),(5638,'2016-04-03 00:00:00',36),(5639,'2016-04-04 00:00:00',36),(5640,'2016-04-05 00:00:00',36),(5641,'2016-04-06 00:00:00',36),(5642,'2016-04-07 00:00:00',36),(5643,'2016-04-08 00:00:00',36),(5644,'2016-04-09 00:00:00',36),(5645,'2016-04-10 00:00:00',36),(5646,'2016-04-11 00:00:00',36),(5647,'2016-04-12 00:00:00',36),(5648,'2016-04-13 00:00:00',36),(5649,'2016-04-14 00:00:00',36),(5650,'2016-04-15 00:00:00',36),(5651,'2016-04-16 00:00:00',36),(5652,'2016-04-17 00:00:00',36),(5653,'2016-04-18 00:00:00',36),(5654,'2016-04-19 00:00:00',36),(5655,'2016-04-20 00:00:00',36),(5656,'2016-04-21 00:00:00',36),(5657,'2016-04-22 00:00:00',36),(5658,'2016-04-23 00:00:00',36),(5659,'2016-04-24 00:00:00',36),(5660,'2016-04-25 00:00:00',36),(5661,'2016-04-26 00:00:00',36),(5662,'2016-04-27 00:00:00',36),(5663,'2016-04-28 00:00:00',36),(5664,'2016-04-29 00:00:00',36),(5665,'2016-04-30 00:00:00',36),(5666,'2016-05-01 00:00:00',36),(5667,'2016-05-02 00:00:00',36),(5668,'2016-05-03 00:00:00',36),(5669,'2016-05-04 00:00:00',36),(5670,'2016-05-05 00:00:00',36),(5671,'2016-05-06 00:00:00',36),(5672,'2016-05-07 00:00:00',36),(5673,'2016-05-08 00:00:00',36),(5674,'2016-05-09 00:00:00',36),(5675,'2016-05-10 00:00:00',36),(5676,'2016-05-11 00:00:00',36),(5677,'2016-05-12 00:00:00',36),(5678,'2016-05-13 00:00:00',36),(5679,'2016-05-14 00:00:00',36),(5680,'2016-05-15 00:00:00',36),(5681,'2016-05-16 00:00:00',36),(5682,'2016-05-17 00:00:00',36),(5683,'2016-05-18 00:00:00',36),(5684,'2016-05-19 00:00:00',36),(5685,'2016-05-20 00:00:00',36),(5686,'2016-05-21 00:00:00',36),(5687,'2016-05-22 00:00:00',36),(5688,'2016-05-23 00:00:00',36),(5689,'2016-05-24 00:00:00',36),(5690,'2016-05-25 00:00:00',36),(5691,'2016-05-26 00:00:00',36),(5692,'2016-05-27 00:00:00',36),(5693,'2016-05-28 00:00:00',36),(5694,'2016-05-29 00:00:00',36),(5695,'2016-05-30 00:00:00',36),(5696,'2016-05-31 00:00:00',36),(5697,'2016-06-01 00:00:00',36),(5698,'2016-06-02 00:00:00',36),(5699,'2016-06-03 00:00:00',36),(5700,'2016-06-04 00:00:00',36),(5701,'2016-06-05 00:00:00',36),(5702,'2016-06-06 00:00:00',36),(5703,'2016-06-07 00:00:00',36),(5704,'2016-06-08 00:00:00',36),(5705,'2016-06-09 00:00:00',36),(5706,'2016-06-10 00:00:00',36),(5707,'2016-06-11 00:00:00',36),(5708,'2016-06-12 00:00:00',36),(5709,'2016-06-13 00:00:00',36),(5710,'2016-06-14 00:00:00',36),(5711,'2016-06-15 00:00:00',36),(5712,'2016-06-16 00:00:00',36),(5713,'2016-06-17 00:00:00',36),(5714,'2016-06-18 00:00:00',36),(5715,'2016-06-19 00:00:00',36),(5716,'2016-06-20 00:00:00',36),(5717,'2016-06-21 00:00:00',36),(5718,'2016-06-22 00:00:00',36),(5719,'2016-06-23 00:00:00',36),(5720,'2016-06-24 00:00:00',36),(5721,'2016-06-25 00:00:00',36),(5722,'2016-06-26 00:00:00',36),(5723,'2016-06-27 00:00:00',36),(5724,'2016-06-28 00:00:00',36),(5725,'2016-06-29 00:00:00',36),(5726,'2016-06-30 00:00:00',36),(5727,'2016-07-01 00:00:00',36),(5728,'2016-07-02 00:00:00',36),(5729,'2016-07-03 00:00:00',36),(5730,'2016-07-04 00:00:00',36),(5731,'2016-07-05 00:00:00',36),(5732,'2016-07-06 00:00:00',36),(5733,'2016-07-07 00:00:00',36),(5734,'2016-07-08 00:00:00',36),(5735,'2016-07-09 00:00:00',36),(5736,'2016-07-10 00:00:00',36),(5737,'2016-07-11 00:00:00',36),(5738,'2016-07-12 00:00:00',36),(5739,'2016-07-13 00:00:00',36),(5740,'2016-07-14 00:00:00',36),(5741,'2016-07-15 00:00:00',36),(5742,'2016-07-16 00:00:00',36),(5743,'2016-07-17 00:00:00',36),(5744,'2016-07-18 00:00:00',36),(5745,'2016-07-19 00:00:00',36),(5746,'2016-07-20 00:00:00',36),(5747,'2016-07-21 00:00:00',36),(5748,'2016-07-22 00:00:00',36),(5749,'2016-07-23 00:00:00',36),(5750,'2016-07-24 00:00:00',36),(5751,'2016-07-25 00:00:00',36),(5752,'2016-07-26 00:00:00',36),(5753,'2016-07-27 00:00:00',36),(5754,'2016-07-28 00:00:00',36),(5755,'2016-07-29 00:00:00',36),(5756,'2016-07-30 00:00:00',36),(5757,'2016-07-31 00:00:00',36),(5758,'2016-08-01 00:00:00',36),(5759,'2016-08-02 00:00:00',36),(5760,'2016-08-03 00:00:00',36),(5761,'2016-08-04 00:00:00',36),(5762,'2016-08-05 00:00:00',36),(5763,'2016-08-06 00:00:00',36),(5764,'2016-08-07 00:00:00',36),(5765,'2016-08-08 00:00:00',36),(5766,'2016-08-09 00:00:00',36),(5767,'2016-08-10 00:00:00',36),(5768,'2016-08-11 00:00:00',36),(5769,'2016-08-12 00:00:00',36),(5770,'2016-08-13 00:00:00',36),(5771,'2016-08-14 00:00:00',36),(5772,'2016-08-15 00:00:00',36),(5773,'2016-08-16 00:00:00',36),(5774,'2016-08-17 00:00:00',36),(5775,'2016-08-18 00:00:00',36),(5776,'2016-08-19 00:00:00',36),(5777,'2016-08-20 00:00:00',36),(5778,'2016-08-21 00:00:00',36),(5779,'2016-08-22 00:00:00',36),(5780,'2016-08-23 00:00:00',36),(5781,'2016-08-24 00:00:00',36),(5782,'2016-08-25 00:00:00',36),(5783,'2016-08-26 00:00:00',36),(5784,'2016-08-27 00:00:00',36),(5785,'2016-08-28 00:00:00',36),(5786,'2016-08-29 00:00:00',36),(5787,'2016-08-30 00:00:00',36),(5788,'2016-08-31 00:00:00',36),(5789,'2016-09-01 00:00:00',36),(5790,'2016-09-02 00:00:00',36),(5791,'2016-09-03 00:00:00',36),(5792,'2016-09-04 00:00:00',36),(5793,'2016-09-05 00:00:00',36),(5794,'2016-09-06 00:00:00',36),(5795,'2016-09-07 00:00:00',36),(5796,'2016-09-08 00:00:00',36),(5797,'2016-09-09 00:00:00',36),(5798,'2016-09-10 00:00:00',36),(5799,'2016-09-11 00:00:00',36),(5800,'2016-09-12 00:00:00',36),(5801,'2016-09-13 00:00:00',36),(5802,'2016-09-14 00:00:00',36),(5803,'2016-09-15 00:00:00',36),(5804,'2016-09-16 00:00:00',36),(5805,'2016-09-17 00:00:00',36),(5806,'2016-09-18 00:00:00',36),(5807,'2016-09-19 00:00:00',36),(5808,'2016-09-20 00:00:00',36),(5809,'2016-09-21 00:00:00',36),(5810,'2016-09-22 00:00:00',36),(5811,'2016-09-23 00:00:00',36),(5812,'2016-09-24 00:00:00',36),(5813,'2016-09-25 00:00:00',36),(5814,'2016-09-26 00:00:00',36),(5815,'2016-09-27 00:00:00',36),(5816,'2016-09-28 00:00:00',36),(5817,'2016-09-29 00:00:00',36),(5818,'2016-09-30 00:00:00',36),(5819,'2016-10-01 00:00:00',36),(5820,'2016-10-02 00:00:00',36),(5821,'2016-10-03 00:00:00',36),(5822,'2016-10-04 00:00:00',36),(5823,'2016-10-05 00:00:00',36),(5824,'2016-10-06 00:00:00',36),(5825,'2016-10-07 00:00:00',36),(5826,'2016-10-08 00:00:00',36),(5827,'2016-10-09 00:00:00',36),(5828,'2016-10-10 00:00:00',36),(5829,'2016-10-11 00:00:00',36),(5830,'2016-10-12 00:00:00',36),(5831,'2016-10-13 00:00:00',36),(5832,'2016-10-14 00:00:00',36),(5833,'2016-10-15 00:00:00',36),(5834,'2016-10-16 00:00:00',36),(5835,'2016-10-17 00:00:00',36),(5836,'2016-10-18 00:00:00',36),(5837,'2016-10-19 00:00:00',36),(5838,'2016-10-20 00:00:00',36),(5839,'2016-10-21 00:00:00',36),(5840,'2016-10-22 00:00:00',36),(5841,'2016-10-23 00:00:00',36),(5842,'2016-10-24 00:00:00',36),(5843,'2016-10-25 00:00:00',36),(5844,'2016-10-26 00:00:00',36),(5845,'2016-10-27 00:00:00',36),(5846,'2016-10-28 00:00:00',36),(5847,'2016-10-29 00:00:00',36),(5848,'2016-10-30 00:00:00',36),(5849,'2016-10-31 00:00:00',36),(5850,'2016-11-01 00:00:00',36),(5851,'2016-11-02 00:00:00',36),(5852,'2016-11-03 00:00:00',36),(5853,'2016-11-04 00:00:00',36),(5854,'2016-11-05 00:00:00',36),(5855,'2016-11-06 00:00:00',36),(5856,'2016-11-07 00:00:00',36),(5857,'2016-11-08 00:00:00',36),(5858,'2016-11-09 00:00:00',36),(5859,'2016-11-10 00:00:00',36),(5860,'2016-11-11 00:00:00',36),(5861,'2016-11-12 00:00:00',36),(5862,'2016-11-13 00:00:00',36),(5863,'2016-11-14 00:00:00',36),(5864,'2016-11-15 00:00:00',36),(5865,'2016-11-16 00:00:00',36),(5866,'2016-11-17 00:00:00',36),(5867,'2016-11-18 00:00:00',36),(5868,'2016-11-19 00:00:00',36),(5869,'2016-11-20 00:00:00',36),(5870,'2016-11-21 00:00:00',36),(5871,'2016-11-22 00:00:00',36),(5872,'2016-11-23 00:00:00',36),(5873,'2016-11-24 00:00:00',36),(5874,'2016-11-25 00:00:00',36),(5875,'2016-11-26 00:00:00',36),(5876,'2016-11-27 00:00:00',36),(5877,'2016-11-28 00:00:00',36),(5878,'2016-11-29 00:00:00',36),(5879,'2016-11-30 00:00:00',36),(5880,'2016-12-01 00:00:00',36),(5881,'2016-12-02 00:00:00',36),(5882,'2016-12-03 00:00:00',36),(5883,'2016-12-04 00:00:00',36),(5884,'2016-12-05 00:00:00',36),(5885,'2016-12-06 00:00:00',36),(5886,'2016-12-07 00:00:00',36),(5887,'2016-12-08 00:00:00',36),(5888,'2016-12-09 00:00:00',36),(5889,'2016-12-10 00:00:00',36),(5890,'2016-12-11 00:00:00',36),(5891,'2016-12-12 00:00:00',36),(5892,'2016-12-13 00:00:00',36),(5893,'2016-12-14 00:00:00',36),(5894,'2016-12-15 00:00:00',36),(5895,'2016-12-16 00:00:00',36),(5896,'2016-12-17 00:00:00',36),(5897,'2016-12-18 00:00:00',36),(5898,'2016-12-19 00:00:00',36),(5899,'2016-12-20 00:00:00',36),(5900,'2016-12-21 00:00:00',36),(5901,'2016-12-22 00:00:00',36),(5902,'2016-12-23 00:00:00',36),(5903,'2016-12-24 00:00:00',36),(5904,'2016-12-25 00:00:00',36),(5905,'2016-12-26 00:00:00',36),(5906,'2016-12-27 00:00:00',36),(5907,'2016-12-28 00:00:00',36),(5908,'2016-12-29 00:00:00',36),(5909,'2016-12-30 00:00:00',36),(5910,'2016-12-31 00:00:00',36);
/*!40000 ALTER TABLE `prodAgendaHorarioItens` ENABLE KEYS */;
UNLOCK TABLES;

--
-- Table structure for table `prodAgendaHorarioItensColaborador`
--

DROP TABLE IF EXISTS `prodAgendaHorarioItensColaborador`;
/*!40101 SET @saved_cs_client     = @@character_set_client */;
/*!40101 SET character_set_client = utf8 */;
CREATE TABLE `prodAgendaHorarioItensColaborador` (
  `id` int(11) NOT NULL AUTO_INCREMENT,
  `idColaborador` int(11) DEFAULT NULL,
  `idAgendaHorarioItens` int(11) DEFAULT NULL,
  `idTipoAgenda` int(11) DEFAULT NULL,
  `idAgendaHorario` int(11) DEFAULT NULL,
  PRIMARY KEY (`id`),
  KEY `fk_prodAgendaHorarioItensColaborador_1_idx` (`idColaborador`),
  KEY `fk_prodAgendaHorarioItensColaborador_2_idx` (`idAgendaHorarioItens`),
  KEY `fk_prodAgendaHorarioItensColaborador_3_idx` (`idTipoAgenda`),
  KEY `fk_prodAgendaHorarioItensColaborador_4_idx` (`idAgendaHorario`),
  CONSTRAINT `fk_prodAgendaHorarioItensColaborador_1` FOREIGN KEY (`idColaborador`) REFERENCES `prodColaborador` (`idColaborador`) ON DELETE NO ACTION ON UPDATE NO ACTION,
  CONSTRAINT `fk_prodAgendaHorarioItensColaborador_2` FOREIGN KEY (`idAgendaHorarioItens`) REFERENCES `prodAgendaHorarioItens` (`idAgendaHorarioItens`) ON DELETE NO ACTION ON UPDATE NO ACTION,
  CONSTRAINT `fk_prodAgendaHorarioItensColaborador_3` FOREIGN KEY (`idTipoAgenda`) REFERENCES `prodTipoAgenda` (`idTipoAgenda`) ON DELETE NO ACTION ON UPDATE NO ACTION,
  CONSTRAINT `fk_prodAgendaHorarioItensColaborador_4` FOREIGN KEY (`idAgendaHorario`) REFERENCES `prodAgendaHorario` (`idAgendaHorario`) ON DELETE NO ACTION ON UPDATE NO ACTION
) ENGINE=InnoDB AUTO_INCREMENT=18761 DEFAULT CHARSET=latin1;
/*!40101 SET character_set_client = @saved_cs_client */;

--
-- Dumping data for table `prodAgendaHorarioItensColaborador`
--

LOCK TABLES `prodAgendaHorarioItensColaborador` WRITE;
/*!40000 ALTER TABLE `prodAgendaHorarioItensColaborador` DISABLE KEYS */;
INSERT INTO `prodAgendaHorarioItensColaborador` VALUES (18029,1,5545,1,36),(18030,1,5546,2,36),(18031,1,5547,3,36),(18032,1,5548,1,36),(18033,1,5549,1,36),(18034,1,5550,1,36),(18035,1,5551,1,36),(18036,1,5552,1,36),(18037,1,5553,2,36),(18038,1,5554,3,36),(18039,1,5555,1,36),(18040,1,5556,1,36),(18041,1,5557,1,36),(18042,1,5558,1,36),(18043,1,5559,1,36),(18044,1,5560,2,36),(18045,1,5561,3,36),(18046,1,5562,1,36),(18047,1,5563,1,36),(18048,1,5564,1,36),(18049,1,5565,1,36),(18050,1,5566,1,36),(18051,1,5567,2,36),(18052,1,5568,3,36),(18053,1,5569,1,36),(18054,1,5570,1,36),(18055,1,5571,1,36),(18056,1,5572,1,36),(18057,1,5573,1,36),(18058,1,5574,2,36),(18059,1,5575,3,36),(18060,1,5576,1,36),(18061,1,5577,1,36),(18062,1,5578,1,36),(18063,1,5579,1,36),(18064,1,5580,1,36),(18065,1,5581,2,36),(18066,1,5582,3,36),(18067,1,5583,1,36),(18068,1,5584,1,36),(18069,1,5585,1,36),(18070,1,5586,1,36),(18071,1,5587,1,36),(18072,1,5588,2,36),(18073,1,5589,3,36),(18074,1,5590,1,36),(18075,1,5591,1,36),(18076,1,5592,1,36),(18077,1,5593,1,36),(18078,1,5594,1,36),(18079,1,5595,2,36),(18080,1,5596,3,36),(18081,1,5597,1,36),(18082,1,5598,1,36),(18083,1,5599,1,36),(18084,1,5600,1,36),(18085,1,5601,1,36),(18086,1,5602,2,36),(18087,1,5603,3,36),(18088,1,5604,1,36),(18089,1,5605,1,36),(18090,1,5606,1,36),(18091,1,5607,1,36),(18092,1,5608,1,36),(18093,1,5609,2,36),(18094,1,5610,3,36),(18095,1,5611,1,36),(18096,1,5612,1,36),(18097,1,5613,1,36),(18098,1,5614,1,36),(18099,1,5615,9,36),(18100,1,5616,2,36),(18101,1,5617,3,36),(18102,1,5618,1,36),(18103,1,5619,1,36),(18104,1,5620,1,36),(18105,1,5621,1,36),(18106,1,5622,1,36),(18107,1,5623,2,36),(18108,1,5624,3,36),(18109,1,5625,1,36),(18110,1,5626,1,36),(18111,1,5627,1,36),(18112,1,5628,1,36),(18113,1,5629,1,36),(18114,1,5630,2,36),(18115,1,5631,3,36),(18116,1,5632,1,36),(18117,1,5633,1,36),(18118,1,5634,1,36),(18119,1,5635,1,36),(18120,1,5636,1,36),(18121,1,5637,2,36),(18122,1,5638,3,36),(18123,1,5639,1,36),(18124,1,5640,1,36),(18125,1,5641,1,36),(18126,1,5642,1,36),(18127,1,5643,1,36),(18128,1,5644,2,36),(18129,1,5645,3,36),(18130,1,5646,1,36),(18131,1,5647,1,36),(18132,1,5648,1,36),(18133,1,5649,1,36),(18134,1,5650,1,36),(18135,1,5651,2,36),(18136,1,5652,3,36),(18137,1,5653,1,36),(18138,1,5654,1,36),(18139,1,5655,1,36),(18140,1,5656,1,36),(18141,1,5657,1,36),(18142,1,5658,2,36),(18143,1,5659,3,36),(18144,1,5660,1,36),(18145,1,5661,1,36),(18146,1,5662,1,36),(18147,1,5663,1,36),(18148,1,5664,1,36),(18149,1,5665,2,36),(18150,1,5666,3,36),(18151,1,5667,1,36),(18152,1,5668,1,36),(18153,1,5669,1,36),(18154,1,5670,1,36),(18155,1,5671,1,36),(18156,1,5672,2,36),(18157,1,5673,3,36),(18158,1,5674,1,36),(18159,1,5675,1,36),(18160,1,5676,1,36),(18161,1,5677,1,36),(18162,1,5678,1,36),(18163,1,5679,2,36),(18164,1,5680,3,36),(18165,1,5681,1,36),(18166,1,5682,1,36),(18167,1,5683,1,36),(18168,1,5684,1,36),(18169,1,5685,1,36),(18170,1,5686,2,36),(18171,1,5687,3,36),(18172,1,5688,1,36),(18173,1,5689,1,36),(18174,1,5690,1,36),(18175,1,5691,1,36),(18176,1,5692,1,36),(18177,1,5693,2,36),(18178,1,5694,3,36),(18179,1,5695,1,36),(18180,1,5696,1,36),(18181,1,5697,1,36),(18182,1,5698,1,36),(18183,1,5699,1,36),(18184,1,5700,2,36),(18185,1,5701,3,36),(18186,1,5702,1,36),(18187,1,5703,1,36),(18188,1,5704,1,36),(18189,1,5705,1,36),(18190,1,5706,1,36),(18191,1,5707,2,36),(18192,1,5708,3,36),(18193,1,5709,1,36),(18194,1,5710,1,36),(18195,1,5711,1,36),(18196,1,5712,1,36),(18197,1,5713,1,36),(18198,1,5714,2,36),(18199,1,5715,3,36),(18200,1,5716,1,36),(18201,1,5717,1,36),(18202,1,5718,1,36),(18203,1,5719,1,36),(18204,1,5720,1,36),(18205,1,5721,2,36),(18206,1,5722,3,36),(18207,1,5723,1,36),(18208,1,5724,1,36),(18209,1,5725,1,36),(18210,1,5726,1,36),(18211,1,5727,6,36),(18212,1,5728,2,36),(18213,1,5729,3,36),(18214,1,5730,1,36),(18215,1,5731,1,36),(18216,1,5732,1,36),(18217,1,5733,1,36),(18218,1,5734,1,36),(18219,1,5735,2,36),(18220,1,5736,3,36),(18221,1,5737,1,36),(18222,1,5738,1,36),(18223,1,5739,1,36),(18224,1,5740,1,36),(18225,1,5741,1,36),(18226,1,5742,2,36),(18227,1,5743,3,36),(18228,1,5744,1,36),(18229,1,5745,1,36),(18230,1,5746,1,36),(18231,1,5747,1,36),(18232,1,5748,1,36),(18233,1,5749,2,36),(18234,1,5750,3,36),(18235,1,5751,4,36),(18236,1,5752,4,36),(18237,1,5753,4,36),(18238,1,5754,4,36),(18239,1,5755,4,36),(18240,1,5756,2,36),(18241,1,5757,3,36),(18242,1,5758,1,36),(18243,1,5759,1,36),(18244,1,5760,1,36),(18245,1,5761,1,36),(18246,1,5762,1,36),(18247,1,5763,2,36),(18248,1,5764,3,36),(18249,1,5765,1,36),(18250,1,5766,1,36),(18251,1,5767,1,36),(18252,1,5768,1,36),(18253,1,5769,1,36),(18254,1,5770,2,36),(18255,1,5771,3,36),(18256,1,5772,1,36),(18257,1,5773,1,36),(18258,1,5774,1,36),(18259,1,5775,1,36),(18260,1,5776,1,36),(18261,1,5777,2,36),(18262,1,5778,3,36),(18263,1,5779,1,36),(18264,1,5780,1,36),(18265,1,5781,1,36),(18266,1,5782,1,36),(18267,1,5783,1,36),(18268,1,5784,2,36),(18269,1,5785,3,36),(18270,1,5786,1,36),(18271,1,5787,1,36),(18272,1,5788,1,36),(18273,1,5789,1,36),(18274,1,5790,1,36),(18275,1,5791,2,36),(18276,1,5792,3,36),(18277,1,5793,1,36),(18278,1,5794,1,36),(18279,1,5795,1,36),(18280,1,5796,1,36),(18281,1,5797,1,36),(18282,1,5798,2,36),(18283,1,5799,3,36),(18284,1,5800,1,36),(18285,1,5801,1,36),(18286,1,5802,1,36),(18287,1,5803,1,36),(18288,1,5804,1,36),(18289,1,5805,2,36),(18290,1,5806,3,36),(18291,1,5807,1,36),(18292,1,5808,1,36),(18293,1,5809,1,36),(18294,1,5810,1,36),(18295,1,5811,1,36),(18296,1,5812,2,36),(18297,1,5813,3,36),(18298,1,5814,1,36),(18299,1,5815,1,36),(18300,1,5816,1,36),(18301,1,5817,1,36),(18302,1,5818,1,36),(18303,1,5819,2,36),(18304,1,5820,3,36),(18305,1,5821,1,36),(18306,1,5822,1,36),(18307,1,5823,1,36),(18308,1,5824,1,36),(18309,1,5825,1,36),(18310,1,5826,2,36),(18311,1,5827,3,36),(18312,1,5828,1,36),(18313,1,5829,1,36),(18314,1,5830,1,36),(18315,1,5831,1,36),(18316,1,5832,1,36),(18317,1,5833,2,36),(18318,1,5834,3,36),(18319,1,5835,1,36),(18320,1,5836,1,36),(18321,1,5837,1,36),(18322,1,5838,1,36),(18323,1,5839,1,36),(18324,1,5840,2,36),(18325,1,5841,3,36),(18326,1,5842,1,36),(18327,1,5843,1,36),(18328,1,5844,1,36),(18329,1,5845,1,36),(18330,1,5846,1,36),(18331,1,5847,2,36),(18332,1,5848,3,36),(18333,1,5849,1,36),(18334,1,5850,1,36),(18335,1,5851,1,36),(18336,1,5852,1,36),(18337,1,5853,1,36),(18338,1,5854,2,36),(18339,1,5855,3,36),(18340,1,5856,1,36),(18341,1,5857,1,36),(18342,1,5858,1,36),(18343,1,5859,1,36),(18344,1,5860,1,36),(18345,1,5861,2,36),(18346,1,5862,3,36),(18347,1,5863,1,36),(18348,1,5864,1,36),(18349,1,5865,1,36),(18350,1,5866,1,36),(18351,1,5867,1,36),(18352,1,5868,2,36),(18353,1,5869,3,36),(18354,1,5870,1,36),(18355,1,5871,1,36),(18356,1,5872,1,36),(18357,1,5873,1,36),(18358,1,5874,1,36),(18359,1,5875,2,36),(18360,1,5876,3,36),(18361,1,5877,1,36),(18362,1,5878,1,36),(18363,1,5879,1,36),(18364,1,5880,1,36),(18365,1,5881,1,36),(18366,1,5882,2,36),(18367,1,5883,3,36),(18368,1,5884,1,36),(18369,1,5885,1,36),(18370,1,5886,1,36),(18371,1,5887,1,36),(18372,1,5888,1,36),(18373,1,5889,2,36),(18374,1,5890,3,36),(18375,1,5891,1,36),(18376,1,5892,1,36),(18377,1,5893,1,36),(18378,1,5894,1,36),(18379,1,5895,1,36),(18380,1,5896,2,36),(18381,1,5897,3,36),(18382,1,5898,1,36),(18383,1,5899,1,36),(18384,1,5900,1,36),(18385,1,5901,1,36),(18386,1,5902,1,36),(18387,1,5903,2,36),(18388,1,5904,3,36),(18389,1,5905,1,36),(18390,1,5906,1,36),(18391,1,5907,1,36),(18392,1,5908,1,36),(18393,1,5909,1,36),(18394,1,5910,2,36),(18395,3,5545,1,36),(18396,3,5546,2,36),(18397,3,5547,3,36),(18398,3,5548,1,36),(18399,3,5549,1,36),(18400,3,5550,1,36),(18401,3,5551,1,36),(18402,3,5552,1,36),(18403,3,5553,2,36),(18404,3,5554,3,36),(18405,3,5555,1,36),(18406,3,5556,1,36),(18407,3,5557,1,36),(18408,3,5558,1,36),(18409,3,5559,1,36),(18410,3,5560,2,36),(18411,3,5561,3,36),(18412,3,5562,1,36),(18413,3,5563,1,36),(18414,3,5564,1,36),(18415,3,5565,1,36),(18416,3,5566,1,36),(18417,3,5567,2,36),(18418,3,5568,3,36),(18419,3,5569,1,36),(18420,3,5570,1,36),(18421,3,5571,1,36),(18422,3,5572,1,36),(18423,3,5573,1,36),(18424,3,5574,2,36),(18425,3,5575,3,36),(18426,3,5576,1,36),(18427,3,5577,1,36),(18428,3,5578,1,36),(18429,3,5579,1,36),(18430,3,5580,1,36),(18431,3,5581,2,36),(18432,3,5582,3,36),(18433,3,5583,1,36),(18434,3,5584,1,36),(18435,3,5585,1,36),(18436,3,5586,1,36),(18437,3,5587,1,36),(18438,3,5588,2,36),(18439,3,5589,3,36),(18440,3,5590,1,36),(18441,3,5591,1,36),(18442,3,5592,1,36),(18443,3,5593,1,36),(18444,3,5594,1,36),(18445,3,5595,2,36),(18446,3,5596,3,36),(18447,3,5597,1,36),(18448,3,5598,1,36),(18449,3,5599,1,36),(18450,3,5600,1,36),(18451,3,5601,1,36),(18452,3,5602,2,36),(18453,3,5603,3,36),(18454,3,5604,1,36),(18455,3,5605,1,36),(18456,3,5606,1,36),(18457,3,5607,1,36),(18458,3,5608,1,36),(18459,3,5609,2,36),(18460,3,5610,3,36),(18461,3,5611,1,36),(18462,3,5612,1,36),(18463,3,5613,1,36),(18464,3,5614,1,36),(18465,3,5615,1,36),(18466,3,5616,2,36),(18467,3,5617,3,36),(18468,3,5618,1,36),(18469,3,5619,4,36),(18470,3,5620,4,36),(18471,3,5621,1,36),(18472,3,5622,1,36),(18473,3,5623,2,36),(18474,3,5624,3,36),(18475,3,5625,1,36),(18476,3,5626,1,36),(18477,3,5627,1,36),(18478,3,5628,1,36),(18479,3,5629,1,36),(18480,3,5630,2,36),(18481,3,5631,3,36),(18482,3,5632,1,36),(18483,3,5633,1,36),(18484,3,5634,1,36),(18485,3,5635,1,36),(18486,3,5636,1,36),(18487,3,5637,2,36),(18488,3,5638,3,36),(18489,3,5639,1,36),(18490,3,5640,1,36),(18491,3,5641,1,36),(18492,3,5642,1,36),(18493,3,5643,1,36),(18494,3,5644,2,36),(18495,3,5645,3,36),(18496,3,5646,1,36),(18497,3,5647,1,36),(18498,3,5648,1,36),(18499,3,5649,1,36),(18500,3,5650,1,36),(18501,3,5651,2,36),(18502,3,5652,3,36),(18503,3,5653,1,36),(18504,3,5654,1,36),(18505,3,5655,1,36),(18506,3,5656,1,36),(18507,3,5657,1,36),(18508,3,5658,2,36),(18509,3,5659,3,36),(18510,3,5660,1,36),(18511,3,5661,1,36),(18512,3,5662,1,36),(18513,3,5663,1,36),(18514,3,5664,1,36),(18515,3,5665,2,36),(18516,3,5666,3,36),(18517,3,5667,1,36),(18518,3,5668,1,36),(18519,3,5669,1,36),(18520,3,5670,1,36),(18521,3,5671,1,36),(18522,3,5672,2,36),(18523,3,5673,3,36),(18524,3,5674,1,36),(18525,3,5675,1,36),(18526,3,5676,1,36),(18527,3,5677,1,36),(18528,3,5678,1,36),(18529,3,5679,2,36),(18530,3,5680,3,36),(18531,3,5681,1,36),(18532,3,5682,1,36),(18533,3,5683,1,36),(18534,3,5684,1,36),(18535,3,5685,1,36),(18536,3,5686,2,36),(18537,3,5687,3,36),(18538,3,5688,1,36),(18539,3,5689,1,36),(18540,3,5690,1,36),(18541,3,5691,1,36),(18542,3,5692,1,36),(18543,3,5693,2,36),(18544,3,5694,3,36),(18545,3,5695,1,36),(18546,3,5696,1,36),(18547,3,5697,1,36),(18548,3,5698,1,36),(18549,3,5699,1,36),(18550,3,5700,2,36),(18551,3,5701,3,36),(18552,3,5702,1,36),(18553,3,5703,1,36),(18554,3,5704,1,36),(18555,3,5705,1,36),(18556,3,5706,1,36),(18557,3,5707,2,36),(18558,3,5708,3,36),(18559,3,5709,1,36),(18560,3,5710,1,36),(18561,3,5711,1,36),(18562,3,5712,1,36),(18563,3,5713,1,36),(18564,3,5714,2,36),(18565,3,5715,3,36),(18566,3,5716,1,36),(18567,3,5717,1,36),(18568,3,5718,1,36),(18569,3,5719,1,36),(18570,3,5720,1,36),(18571,3,5721,2,36),(18572,3,5722,3,36),(18573,3,5723,1,36),(18574,3,5724,1,36),(18575,3,5725,1,36),(18576,3,5726,1,36),(18577,3,5727,1,36),(18578,3,5728,2,36),(18579,3,5729,3,36),(18580,3,5730,1,36),(18581,3,5731,1,36),(18582,3,5732,1,36),(18583,3,5733,1,36),(18584,3,5734,1,36),(18585,3,5735,2,36),(18586,3,5736,3,36),(18587,3,5737,1,36),(18588,3,5738,1,36),(18589,3,5739,1,36),(18590,3,5740,1,36),(18591,3,5741,1,36),(18592,3,5742,2,36),(18593,3,5743,3,36),(18594,3,5744,1,36),(18595,3,5745,1,36),(18596,3,5746,1,36),(18597,3,5747,1,36),(18598,3,5748,1,36),(18599,3,5749,2,36),(18600,3,5750,3,36),(18601,3,5751,1,36),(18602,3,5752,1,36),(18603,3,5753,1,36),(18604,3,5754,1,36),(18605,3,5755,1,36),(18606,3,5756,2,36),(18607,3,5757,3,36),(18608,3,5758,1,36),(18609,3,5759,1,36),(18610,3,5760,1,36),(18611,3,5761,1,36),(18612,3,5762,1,36),(18613,3,5763,2,36),(18614,3,5764,3,36),(18615,3,5765,1,36),(18616,3,5766,1,36),(18617,3,5767,1,36),(18618,3,5768,1,36),(18619,3,5769,1,36),(18620,3,5770,2,36),(18621,3,5771,3,36),(18622,3,5772,1,36),(18623,3,5773,1,36),(18624,3,5774,1,36),(18625,3,5775,1,36),(18626,3,5776,1,36),(18627,3,5777,2,36),(18628,3,5778,3,36),(18629,3,5779,1,36),(18630,3,5780,1,36),(18631,3,5781,1,36),(18632,3,5782,1,36),(18633,3,5783,1,36),(18634,3,5784,2,36),(18635,3,5785,3,36),(18636,3,5786,1,36),(18637,3,5787,1,36),(18638,3,5788,1,36),(18639,3,5789,1,36),(18640,3,5790,1,36),(18641,3,5791,2,36),(18642,3,5792,3,36),(18643,3,5793,1,36),(18644,3,5794,1,36),(18645,3,5795,1,36),(18646,3,5796,1,36),(18647,3,5797,1,36),(18648,3,5798,2,36),(18649,3,5799,3,36),(18650,3,5800,1,36),(18651,3,5801,1,36),(18652,3,5802,1,36),(18653,3,5803,1,36),(18654,3,5804,1,36),(18655,3,5805,2,36),(18656,3,5806,3,36),(18657,3,5807,1,36),(18658,3,5808,1,36),(18659,3,5809,1,36),(18660,3,5810,1,36),(18661,3,5811,1,36),(18662,3,5812,2,36),(18663,3,5813,3,36),(18664,3,5814,1,36),(18665,3,5815,1,36),(18666,3,5816,1,36),(18667,3,5817,1,36),(18668,3,5818,1,36),(18669,3,5819,2,36),(18670,3,5820,3,36),(18671,3,5821,1,36),(18672,3,5822,1,36),(18673,3,5823,1,36),(18674,3,5824,1,36),(18675,3,5825,1,36),(18676,3,5826,2,36),(18677,3,5827,3,36),(18678,3,5828,1,36),(18679,3,5829,1,36),(18680,3,5830,1,36),(18681,3,5831,1,36),(18682,3,5832,1,36),(18683,3,5833,2,36),(18684,3,5834,3,36),(18685,3,5835,1,36),(18686,3,5836,1,36),(18687,3,5837,1,36),(18688,3,5838,1,36),(18689,3,5839,1,36),(18690,3,5840,2,36),(18691,3,5841,3,36),(18692,3,5842,1,36),(18693,3,5843,1,36),(18694,3,5844,1,36),(18695,3,5845,1,36),(18696,3,5846,1,36),(18697,3,5847,2,36),(18698,3,5848,3,36),(18699,3,5849,1,36),(18700,3,5850,1,36),(18701,3,5851,1,36),(18702,3,5852,1,36),(18703,3,5853,1,36),(18704,3,5854,2,36),(18705,3,5855,3,36),(18706,3,5856,1,36),(18707,3,5857,1,36),(18708,3,5858,1,36),(18709,3,5859,1,36),(18710,3,5860,1,36),(18711,3,5861,2,36),(18712,3,5862,3,36),(18713,3,5863,1,36),(18714,3,5864,1,36),(18715,3,5865,1,36),(18716,3,5866,1,36),(18717,3,5867,1,36),(18718,3,5868,2,36),(18719,3,5869,3,36),(18720,3,5870,1,36),(18721,3,5871,1,36),(18722,3,5872,1,36),(18723,3,5873,1,36),(18724,3,5874,1,36),(18725,3,5875,2,36),(18726,3,5876,3,36),(18727,3,5877,1,36),(18728,3,5878,1,36),(18729,3,5879,1,36),(18730,3,5880,1,36),(18731,3,5881,1,36),(18732,3,5882,2,36),(18733,3,5883,3,36),(18734,3,5884,1,36),(18735,3,5885,1,36),(18736,3,5886,1,36),(18737,3,5887,1,36),(18738,3,5888,1,36),(18739,3,5889,2,36),(18740,3,5890,3,36),(18741,3,5891,1,36),(18742,3,5892,1,36),(18743,3,5893,1,36),(18744,3,5894,1,36),(18745,3,5895,1,36),(18746,3,5896,2,36),(18747,3,5897,3,36),(18748,3,5898,1,36),(18749,3,5899,1,36),(18750,3,5900,1,36),(18751,3,5901,1,36),(18752,3,5902,1,36),(18753,3,5903,2,36),(18754,3,5904,3,36),(18755,3,5905,1,36),(18756,3,5906,1,36),(18757,3,5907,1,36),(18758,3,5908,1,36),(18759,3,5909,1,36),(18760,3,5910,2,36);
/*!40000 ALTER TABLE `prodAgendaHorarioItensColaborador` ENABLE KEYS */;
UNLOCK TABLES;

--
-- Table structure for table `prodCargo`
--

DROP TABLE IF EXISTS `prodCargo`;
/*!40101 SET @saved_cs_client     = @@character_set_client */;
/*!40101 SET character_set_client = utf8 */;
CREATE TABLE `prodCargo` (
  `idCargo` int(11) NOT NULL AUTO_INCREMENT,
  `dsCargo` varchar(45) DEFAULT NULL,
  PRIMARY KEY (`idCargo`)
) ENGINE=InnoDB AUTO_INCREMENT=5 DEFAULT CHARSET=latin1;
/*!40101 SET character_set_client = @saved_cs_client */;

--
-- Dumping data for table `prodCargo`
--

LOCK TABLES `prodCargo` WRITE;
/*!40000 ALTER TABLE `prodCargo` DISABLE KEYS */;
INSERT INTO `prodCargo` VALUES (1,'GERENTE'),(2,'ENCARREGADO'),(3,'AUXILIAR'),(4,'AJUDANTE GERAL');
/*!40000 ALTER TABLE `prodCargo` ENABLE KEYS */;
UNLOCK TABLES;

--
-- Table structure for table `prodCentroCusto`
--

DROP TABLE IF EXISTS `prodCentroCusto`;
/*!40101 SET @saved_cs_client     = @@character_set_client */;
/*!40101 SET character_set_client = utf8 */;
CREATE TABLE `prodCentroCusto` (
  `idCentroCusto` int(11) NOT NULL AUTO_INCREMENT,
  `dsCentroCusto` varchar(45) DEFAULT NULL,
  PRIMARY KEY (`idCentroCusto`)
) ENGINE=InnoDB AUTO_INCREMENT=7 DEFAULT CHARSET=latin1;
/*!40101 SET character_set_client = @saved_cs_client */;

--
-- Dumping data for table `prodCentroCusto`
--

LOCK TABLES `prodCentroCusto` WRITE;
/*!40000 ALTER TABLE `prodCentroCusto` DISABLE KEYS */;
INSERT INTO `prodCentroCusto` VALUES (1,'ASSITENCIA TECNICA / TERCEIROS'),(2,'FERRAMENTAS DE TRABALHO'),(3,'INSUMO'),(4,'MAQUINA DESENVOLVIMENTO'),(5,'MAQUINA - MANUTENÇÃO'),(6,'PREDIAL / INFRAESTRUTURA');
/*!40000 ALTER TABLE `prodCentroCusto` ENABLE KEYS */;
UNLOCK TABLES;

--
-- Table structure for table `prodCliente`
--

DROP TABLE IF EXISTS `prodCliente`;
/*!40101 SET @saved_cs_client     = @@character_set_client */;
/*!40101 SET character_set_client = utf8 */;
CREATE TABLE `prodCliente` (
  `idCliente` int(11) NOT NULL AUTO_INCREMENT,
  `dsCliente` varchar(45) DEFAULT NULL,
  `dsContato` varchar(45) DEFAULT NULL,
  `dsFone` varchar(45) DEFAULT NULL,
  `dsEmail` varchar(150) DEFAULT NULL,
  `dsCelular` varchar(45) DEFAULT NULL,
  `dsSite` varchar(150) DEFAULT NULL,
  `dsEndereco` varchar(45) DEFAULT NULL,
  `dsCidade` varchar(45) DEFAULT NULL,
  `cdCEP` varchar(9) DEFAULT NULL,
  `cdUF` varchar(2) DEFAULT NULL,
  `cdCNPJ` varchar(45) DEFAULT NULL,
  `idTipoCliente` int(11) DEFAULT NULL,
  `stStatus` tinyint(4) DEFAULT '1',
  PRIMARY KEY (`idCliente`),
  KEY `fk_prodCliente_1_idx` (`idTipoCliente`),
  CONSTRAINT `fk_prodCliente_1` FOREIGN KEY (`idTipoCliente`) REFERENCES `prodTipoCliente` (`idTipoCliente`) ON DELETE NO ACTION ON UPDATE NO ACTION
) ENGINE=InnoDB AUTO_INCREMENT=3 DEFAULT CHARSET=latin1;
/*!40101 SET character_set_client = @saved_cs_client */;

--
-- Dumping data for table `prodCliente`
--

LOCK TABLES `prodCliente` WRITE;
/*!40000 ALTER TABLE `prodCliente` DISABLE KEYS */;
INSERT INTO `prodCliente` VALUES (2,'Jose é cliente pacas','Reis','11-90909090','jreislemos@industriafox.com','11-98989898','www.uol.vom.be','Rua central, 45','Itu','13309000','SP','14390792000162',1,1);
/*!40000 ALTER TABLE `prodCliente` ENABLE KEYS */;
UNLOCK TABLES;

--
-- Table structure for table `prodColaborador`
--

DROP TABLE IF EXISTS `prodColaborador`;
/*!40101 SET @saved_cs_client     = @@character_set_client */;
/*!40101 SET character_set_client = utf8 */;
CREATE TABLE `prodColaborador` (
  `idColaborador` int(11) NOT NULL AUTO_INCREMENT,
  `dsColaborador` varchar(45) DEFAULT NULL,
  `idCargo` int(11) DEFAULT NULL,
  `idUsuario` int(11) DEFAULT NULL,
  `idSetor` int(11) DEFAULT NULL,
  `idCentroCusto` int(11) DEFAULT NULL,
  `dsEmail` varchar(45) DEFAULT NULL,
  `idMaoObra` int(11) DEFAULT NULL,
  `stStatus` tinyint(4) DEFAULT '1',
  `hrEntrada` time DEFAULT NULL,
  `hrSaida` time DEFAULT NULL,
  `qtHorasDia` float DEFAULT NULL,
  `stFazParteAgenda` tinyint(4) DEFAULT '0',
  PRIMARY KEY (`idColaborador`),
  KEY `fk_prodColaborador_1_idx` (`idCargo`),
  KEY `fk_prodColaborador_2_idx` (`idSetor`),
  KEY `fk_prodColaborador_3_idx` (`idCentroCusto`),
  KEY `fk_prodColaborador_4_idx` (`idUsuario`),
  KEY `fk_prodColaborador_5_idx` (`idMaoObra`),
  CONSTRAINT `fk_prodColaborador_1` FOREIGN KEY (`idCargo`) REFERENCES `prodCargo` (`idCargo`) ON DELETE NO ACTION ON UPDATE NO ACTION,
  CONSTRAINT `fk_prodColaborador_2` FOREIGN KEY (`idSetor`) REFERENCES `prodSetor` (`idSetor`) ON DELETE NO ACTION ON UPDATE NO ACTION,
  CONSTRAINT `fk_prodColaborador_3` FOREIGN KEY (`idCentroCusto`) REFERENCES `prodCentroCusto` (`idCentroCusto`) ON DELETE NO ACTION ON UPDATE NO ACTION,
  CONSTRAINT `fk_prodColaborador_4` FOREIGN KEY (`idUsuario`) REFERENCES `prodUsuarios` (`idUsuario`) ON DELETE NO ACTION ON UPDATE NO ACTION,
  CONSTRAINT `fk_prodColaborador_5` FOREIGN KEY (`idMaoObra`) REFERENCES `prodMaoObra` (`idMaoObra`) ON DELETE NO ACTION ON UPDATE NO ACTION
) ENGINE=InnoDB AUTO_INCREMENT=7 DEFAULT CHARSET=latin1;
/*!40101 SET character_set_client = @saved_cs_client */;

--
-- Dumping data for table `prodColaborador`
--

LOCK TABLES `prodColaborador` WRITE;
/*!40000 ALTER TABLE `prodColaborador` DISABLE KEYS */;
INSERT INTO `prodColaborador` VALUES (1,'JOSE DOS REIS LEMOS',1,NULL,1,NULL,'jreislemos@industriafox.com',5,1,NULL,NULL,8,1),(2,'JOAO DA SILVA',3,NULL,3,NULL,NULL,2,1,NULL,NULL,8,1),(3,'MARCOS DA SILVA',3,NULL,2,NULL,NULL,1,1,NULL,NULL,8,1),(4,'RICARDO SILVERIO',4,NULL,3,NULL,NULL,1,1,NULL,NULL,8,1),(5,'DIOGO',1,NULL,2,NULL,NULL,5,1,NULL,NULL,NULL,2),(6,'MARCELO',1,NULL,5,NULL,NULL,5,1,NULL,NULL,NULL,2);
/*!40000 ALTER TABLE `prodColaborador` ENABLE KEYS */;
UNLOCK TABLES;

--
-- Table structure for table `prodConversao`
--

DROP TABLE IF EXISTS `prodConversao`;
/*!40101 SET @saved_cs_client     = @@character_set_client */;
/*!40101 SET character_set_client = utf8 */;
CREATE TABLE `prodConversao` (
  `idConversao` int(11) NOT NULL AUTO_INCREMENT,
  `dsConversao` varchar(45) DEFAULT NULL,
  `idUnidadeOrigem` int(11) DEFAULT NULL,
  `idUnidadeDestino` int(11) DEFAULT NULL,
  `sinal` varchar(1) DEFAULT '*' COMMENT 'Sinal para a conversão: deve ser * ou /',
  `valordaconversao` float DEFAULT NULL,
  PRIMARY KEY (`idConversao`),
  KEY `fk_new_table_1_idx` (`idUnidadeOrigem`),
  KEY `fk_new_table_2_idx` (`idUnidadeDestino`),
  CONSTRAINT `fk_new_table_1` FOREIGN KEY (`idUnidadeOrigem`) REFERENCES `prodUnidade` (`idUnidade`) ON DELETE NO ACTION ON UPDATE NO ACTION,
  CONSTRAINT `fk_new_table_2` FOREIGN KEY (`idUnidadeDestino`) REFERENCES `prodUnidade` (`idUnidade`) ON DELETE NO ACTION ON UPDATE NO ACTION
) ENGINE=InnoDB AUTO_INCREMENT=4 DEFAULT CHARSET=latin1;
/*!40101 SET character_set_client = @saved_cs_client */;

--
-- Dumping data for table `prodConversao`
--

LOCK TABLES `prodConversao` WRITE;
/*!40000 ALTER TABLE `prodConversao` DISABLE KEYS */;
INSERT INTO `prodConversao` VALUES (1,'HORA PARA DIA',6,7,'*',8),(2,'DIA PARA HORA',7,6,'/',8),(3,'DIA PARA MES',7,8,'*',30);
/*!40000 ALTER TABLE `prodConversao` ENABLE KEYS */;
UNLOCK TABLES;

--
-- Table structure for table `prodEmpresa`
--

DROP TABLE IF EXISTS `prodEmpresa`;
/*!40101 SET @saved_cs_client     = @@character_set_client */;
/*!40101 SET character_set_client = utf8 */;
CREATE TABLE `prodEmpresa` (
  `idEmpresa` int(11) NOT NULL AUTO_INCREMENT,
  `dsEmpresa` varchar(45) DEFAULT NULL,
  `stStatus` tinyint(4) DEFAULT '1',
  PRIMARY KEY (`idEmpresa`)
) ENGINE=InnoDB AUTO_INCREMENT=2 DEFAULT CHARSET=latin1;
/*!40101 SET character_set_client = @saved_cs_client */;

--
-- Dumping data for table `prodEmpresa`
--

LOCK TABLES `prodEmpresa` WRITE;
/*!40000 ALTER TABLE `prodEmpresa` DISABLE KEYS */;
INSERT INTO `prodEmpresa` VALUES (1,'Empresa X',1);
/*!40000 ALTER TABLE `prodEmpresa` ENABLE KEYS */;
UNLOCK TABLES;

--
-- Table structure for table `prodFaseMudancaStatus`
--

DROP TABLE IF EXISTS `prodFaseMudancaStatus`;
/*!40101 SET @saved_cs_client     = @@character_set_client */;
/*!40101 SET character_set_client = utf8 */;
CREATE TABLE `prodFaseMudancaStatus` (
  `idFaseMudancaStatus` int(11) NOT NULL AUTO_INCREMENT,
  `dtMudanca` datetime DEFAULT NULL,
  `idFase` int(11) DEFAULT NULL,
  `idStatusFase` int(11) DEFAULT NULL,
  `idUsuario` int(11) DEFAULT NULL,
  `dsObservacao` varchar(255) DEFAULT NULL,
  `idOrigemInformacao` int(11) DEFAULT NULL,
  PRIMARY KEY (`idFaseMudancaStatus`),
  KEY `fk_prodFaseMudancaStatus_1_idx` (`idFase`),
  KEY `fk_prodFaseMudancaStatus_2_idx` (`idStatusFase`),
  KEY `fk_prodFaseMudancaStatus_3_idx` (`idUsuario`),
  KEY `fk_prodFaseMudancaStatus_4_idx` (`idOrigemInformacao`),
  CONSTRAINT `fk_prodFaseMudancaStatus_1` FOREIGN KEY (`idFase`) REFERENCES `prodProjetoFases` (`idFase`) ON DELETE NO ACTION ON UPDATE NO ACTION,
  CONSTRAINT `fk_prodFaseMudancaStatus_2` FOREIGN KEY (`idStatusFase`) REFERENCES `prodStatusProjeto` (`idStatusProjeto`) ON DELETE NO ACTION ON UPDATE NO ACTION,
  CONSTRAINT `fk_prodFaseMudancaStatus_3` FOREIGN KEY (`idUsuario`) REFERENCES `prodUsuarios` (`idUsuario`) ON DELETE NO ACTION ON UPDATE NO ACTION,
  CONSTRAINT `fk_prodFaseMudancaStatus_4` FOREIGN KEY (`idOrigemInformacao`) REFERENCES `prodOrigemInformacao` (`idOrigemInformacao`) ON DELETE NO ACTION ON UPDATE NO ACTION
) ENGINE=InnoDB AUTO_INCREMENT=4 DEFAULT CHARSET=latin1;
/*!40101 SET character_set_client = @saved_cs_client */;

--
-- Dumping data for table `prodFaseMudancaStatus`
--

LOCK TABLES `prodFaseMudancaStatus` WRITE;
/*!40000 ALTER TABLE `prodFaseMudancaStatus` DISABLE KEYS */;
INSERT INTO `prodFaseMudancaStatus` VALUES (1,'2016-02-29 07:02:14',NULL,2,1,'',1),(2,'2016-02-29 07:02:31',1,2,1,'',1),(3,'2016-02-29 08:02:07',1,3,1,'',1);
/*!40000 ALTER TABLE `prodFaseMudancaStatus` ENABLE KEYS */;
UNLOCK TABLES;

--
-- Table structure for table `prodFinanceiro`
--

DROP TABLE IF EXISTS `prodFinanceiro`;
/*!40101 SET @saved_cs_client     = @@character_set_client */;
/*!40101 SET character_set_client = utf8 */;
CREATE TABLE `prodFinanceiro` (
  `idFinanceiro` int(11) NOT NULL AUTO_INCREMENT,
  `dtPrimeiroVencimento` datetime DEFAULT NULL,
  `dtPrevisaoEntrega` datetime DEFAULT NULL,
  `dsObservacao` varchar(150) DEFAULT NULL,
  `qtParcelas` varchar(45) DEFAULT NULL,
  `idPedido` int(11) DEFAULT NULL,
  PRIMARY KEY (`idFinanceiro`),
  KEY `fk_prodFinanceiro_1_idx` (`idPedido`),
  CONSTRAINT `fk_prodFinanceiro_1` FOREIGN KEY (`idPedido`) REFERENCES `prodPedido` (`idPedido`) ON DELETE NO ACTION ON UPDATE NO ACTION
) ENGINE=InnoDB AUTO_INCREMENT=12 DEFAULT CHARSET=latin1;
/*!40101 SET character_set_client = @saved_cs_client */;

--
-- Dumping data for table `prodFinanceiro`
--

LOCK TABLES `prodFinanceiro` WRITE;
/*!40000 ALTER TABLE `prodFinanceiro` DISABLE KEYS */;
INSERT INTO `prodFinanceiro` VALUES (4,'2016-02-08 00:00:00','2016-02-08 00:00:00','TESTE','5',11),(5,'2016-02-08 00:00:00','2016-02-08 00:00:00','TESTE','10',12),(6,'2016-02-08 00:00:00','2016-02-08 00:00:00','TESTE','3',14),(7,'2016-02-08 00:00:00','2016-02-08 00:00:00','TESTE','5',11),(8,'2016-02-08 00:00:00','2016-02-08 00:00:00','TESTE','5',11),(9,'2016-02-14 00:00:00','2016-02-14 00:00:00','TESTE','10',18),(10,'2016-02-15 00:00:00','2016-02-15 00:00:00','TESTE','3',19),(11,'2016-04-29 00:00:00','2016-04-29 00:00:00','XVXVXCVXCVXC','3',20);
/*!40000 ALTER TABLE `prodFinanceiro` ENABLE KEYS */;
UNLOCK TABLES;

--
-- Table structure for table `prodFinanceiroParcelas`
--

DROP TABLE IF EXISTS `prodFinanceiroParcelas`;
/*!40101 SET @saved_cs_client     = @@character_set_client */;
/*!40101 SET character_set_client = utf8 */;
CREATE TABLE `prodFinanceiroParcelas` (
  `idFinanceiroParcela` int(11) NOT NULL AUTO_INCREMENT,
  `idFinanceiro` int(11) DEFAULT NULL,
  `nrParcela` int(11) DEFAULT NULL,
  `vlParcela` decimal(9,2) DEFAULT NULL,
  `dtVencimento` datetime DEFAULT NULL,
  `stSituacao` tinyint(4) DEFAULT NULL,
  PRIMARY KEY (`idFinanceiroParcela`),
  KEY `fk_prodFinanceiroParcelas_1_idx` (`idFinanceiro`),
  CONSTRAINT `fk_prodFinanceiroParcelas_1` FOREIGN KEY (`idFinanceiro`) REFERENCES `prodFinanceiro` (`idFinanceiro`) ON DELETE NO ACTION ON UPDATE NO ACTION
) ENGINE=InnoDB AUTO_INCREMENT=19751 DEFAULT CHARSET=latin1;
/*!40101 SET character_set_client = @saved_cs_client */;

--
-- Dumping data for table `prodFinanceiroParcelas`
--

LOCK TABLES `prodFinanceiroParcelas` WRITE;
/*!40000 ALTER TABLE `prodFinanceiroParcelas` DISABLE KEYS */;
INSERT INTO `prodFinanceiroParcelas` VALUES (19707,4,1,500.00,'2016-02-10 00:00:00',1),(19708,4,2,388.80,'0000-00-00 00:00:00',2),(19710,4,4,600.00,'2016-02-15 00:00:00',1),(19711,4,5,388.80,'0000-00-00 00:00:00',2),(19712,5,1,1.00,'0000-00-00 00:00:00',2),(19713,5,2,1.00,'0000-00-00 00:00:00',2),(19714,5,3,1.00,'0000-00-00 00:00:00',2),(19715,5,4,1.00,'0000-00-00 00:00:00',2),(19716,5,5,1.00,'0000-00-00 00:00:00',2),(19717,5,6,1.00,'0000-00-00 00:00:00',2),(19718,5,7,1.00,'0000-00-00 00:00:00',2),(19719,5,8,1.00,'0000-00-00 00:00:00',2),(19720,5,9,1.00,'0000-00-00 00:00:00',2),(19721,5,10,1.00,'0000-00-00 00:00:00',2),(19722,6,1,0.00,'0000-00-00 00:00:00',2),(19723,6,2,0.00,'0000-00-00 00:00:00',2),(19724,6,3,0.00,'0000-00-00 00:00:00',2),(19725,7,1,388.80,'0000-00-00 00:00:00',2),(19726,7,2,388.80,'0000-00-00 00:00:00',2),(19727,7,3,388.80,'0000-00-00 00:00:00',2),(19728,7,4,388.80,'0000-00-00 00:00:00',2),(19729,7,5,388.80,'0000-00-00 00:00:00',2),(19730,8,1,388.80,'0000-00-00 00:00:00',2),(19731,8,2,388.80,'0000-00-00 00:00:00',2),(19732,8,3,388.80,'0000-00-00 00:00:00',2),(19733,8,4,388.80,'0000-00-00 00:00:00',2),(19734,8,5,388.80,'0000-00-00 00:00:00',2),(19735,9,1,70.00,'2016-01-14 00:00:00',1),(19736,9,2,70.00,'2016-02-14 00:00:00',1),(19737,9,3,80000.00,'2016-02-14 00:00:00',1),(19738,9,4,60.00,'2016-01-14 00:00:00',1),(19739,9,5,68.90,'0000-00-00 00:00:00',2),(19740,9,6,68.90,'0000-00-00 00:00:00',2),(19741,9,7,68.90,'0000-00-00 00:00:00',2),(19742,9,8,68.90,'0000-00-00 00:00:00',2),(19743,9,9,68.90,'0000-00-00 00:00:00',2),(19744,9,10,68.90,'0000-00-00 00:00:00',2),(19745,10,1,1140.00,'0000-00-00 00:00:00',2),(19746,10,2,1140.00,'0000-00-00 00:00:00',2),(19747,10,3,1140.00,'0000-00-00 00:00:00',2),(19748,11,1,80.00,'0000-00-00 00:00:00',2),(19749,11,2,80.00,'0000-00-00 00:00:00',2),(19750,11,3,80.00,'0000-00-00 00:00:00',2);
/*!40000 ALTER TABLE `prodFinanceiroParcelas` ENABLE KEYS */;
UNLOCK TABLES;

--
-- Table structure for table `prodFornecedor`
--

DROP TABLE IF EXISTS `prodFornecedor`;
/*!40101 SET @saved_cs_client     = @@character_set_client */;
/*!40101 SET character_set_client = utf8 */;
CREATE TABLE `prodFornecedor` (
  `idFornecedor` int(11) NOT NULL AUTO_INCREMENT,
  `dsFornecedor` varchar(45) DEFAULT NULL,
  `dsContato` varchar(45) DEFAULT NULL,
  `dsFone` varchar(45) DEFAULT NULL,
  `dsEmail` varchar(150) DEFAULT NULL,
  `dsCelular` varchar(45) DEFAULT NULL,
  `dsSite` varchar(150) DEFAULT NULL,
  `dsEndereco` varchar(45) DEFAULT NULL,
  `dsCidade` varchar(45) DEFAULT NULL,
  `cdCEP` varchar(9) DEFAULT NULL,
  `cdUF` varchar(2) DEFAULT NULL,
  `cdCNPJ` varchar(45) DEFAULT NULL,
  `idTipoFornecedor` int(11) DEFAULT NULL,
  `stStatus` tinyint(4) DEFAULT '1',
  PRIMARY KEY (`idFornecedor`),
  KEY `fk_prodFornecedor_1_idx` (`idTipoFornecedor`),
  CONSTRAINT `fk_prodFornecedor_1` FOREIGN KEY (`idTipoFornecedor`) REFERENCES `prodTipoFornecedor` (`idTipoFornecedor`) ON DELETE NO ACTION ON UPDATE NO ACTION
) ENGINE=InnoDB AUTO_INCREMENT=2 DEFAULT CHARSET=latin1;
/*!40101 SET character_set_client = @saved_cs_client */;

--
-- Dumping data for table `prodFornecedor`
--

LOCK TABLES `prodFornecedor` WRITE;
/*!40000 ALTER TABLE `prodFornecedor` DISABLE KEYS */;
INSERT INTO `prodFornecedor` VALUES (1,'FORNECEDOR DE NADA','REIS','30455599','jreislemos@industriafox.com','22-32345567','www.uol.vom.be','RUA A , 56','ITU','13310000','SP','03316622802',2,1);
/*!40000 ALTER TABLE `prodFornecedor` ENABLE KEYS */;
UNLOCK TABLES;

--
-- Table structure for table `prodGrupo`
--

DROP TABLE IF EXISTS `prodGrupo`;
/*!40101 SET @saved_cs_client     = @@character_set_client */;
/*!40101 SET character_set_client = utf8 */;
CREATE TABLE `prodGrupo` (
  `idGrupo` int(11) NOT NULL AUTO_INCREMENT,
  `dsGrupo` varchar(45) DEFAULT NULL,
  PRIMARY KEY (`idGrupo`)
) ENGINE=InnoDB AUTO_INCREMENT=5 DEFAULT CHARSET=latin1;
/*!40101 SET character_set_client = @saved_cs_client */;

--
-- Dumping data for table `prodGrupo`
--

LOCK TABLES `prodGrupo` WRITE;
/*!40000 ALTER TABLE `prodGrupo` DISABLE KEYS */;
INSERT INTO `prodGrupo` VALUES (1,'Material de Consumo'),(2,'Ferro'),(3,'Rolamentos'),(4,'Peças diversas');
/*!40000 ALTER TABLE `prodGrupo` ENABLE KEYS */;
UNLOCK TABLES;

--
-- Table structure for table `prodGrupoCusto`
--

DROP TABLE IF EXISTS `prodGrupoCusto`;
/*!40101 SET @saved_cs_client     = @@character_set_client */;
/*!40101 SET character_set_client = utf8 */;
CREATE TABLE `prodGrupoCusto` (
  `idGrupoCusto` int(11) NOT NULL AUTO_INCREMENT,
  `dsGrupoCusto` varchar(45) DEFAULT NULL,
  PRIMARY KEY (`idGrupoCusto`)
) ENGINE=InnoDB AUTO_INCREMENT=2 DEFAULT CHARSET=latin1;
/*!40101 SET character_set_client = @saved_cs_client */;

--
-- Dumping data for table `prodGrupoCusto`
--

LOCK TABLES `prodGrupoCusto` WRITE;
/*!40000 ALTER TABLE `prodGrupoCusto` DISABLE KEYS */;
INSERT INTO `prodGrupoCusto` VALUES (1,'Caminhão');
/*!40000 ALTER TABLE `prodGrupoCusto` ENABLE KEYS */;
UNLOCK TABLES;

--
-- Table structure for table `prodInsumo`
--

DROP TABLE IF EXISTS `prodInsumo`;
/*!40101 SET @saved_cs_client     = @@character_set_client */;
/*!40101 SET character_set_client = utf8 */;
CREATE TABLE `prodInsumo` (
  `idInsumo` int(11) NOT NULL AUTO_INCREMENT,
  `dsInsumo` varchar(45) DEFAULT NULL,
  `nrSerie` varchar(20) DEFAULT NULL,
  `idModelo` int(11) DEFAULT NULL,
  `idMarca` int(11) DEFAULT NULL,
  `idFornecedorUltimaCompra` int(11) DEFAULT NULL,
  `dtUltimaCompra` datetime DEFAULT NULL,
  `vlUltimaCompra` float DEFAULT NULL,
  `qtUltimaCompra` float DEFAULT NULL,
  `qtEstoque` float DEFAULT NULL,
  `idMaquina` int(11) DEFAULT NULL,
  `dsCodigoDoFabricante` int(11) DEFAULT NULL,
  `qtMinima` decimal(9,2) DEFAULT NULL,
  `qtLoteReposicao` decimal(9,2) DEFAULT NULL,
  `nrNotaUltimaCompra` varchar(10) DEFAULT NULL,
  `dtUltimaSaida` datetime DEFAULT NULL,
  `idUltimaOS` int(11) DEFAULT NULL,
  `idGrupo` int(11) DEFAULT NULL,
  `stStatus` tinyint(4) DEFAULT '1',
  `idUnidade` int(11) DEFAULT NULL,
  `idUltimoCentroCusto` int(11) DEFAULT NULL,
  `vlUnitario` float DEFAULT NULL,
  PRIMARY KEY (`idInsumo`),
  KEY `fk_prodPecas_1_idx` (`idModelo`),
  KEY `fk_prodPecas_2_idx` (`idMarca`),
  KEY `fk_prodPecas_3_idx` (`idFornecedorUltimaCompra`),
  KEY `fk_prodPecas_4_idx` (`idMaquina`),
  KEY `fk_prodPecas_5_idx` (`idUltimaOS`),
  KEY `fk_prodPecas_6_idx` (`idGrupo`),
  KEY `fk_prodInsumo_1_idx` (`idUnidade`),
  KEY `fk_prodInsumo_2_idx` (`idUltimoCentroCusto`),
  CONSTRAINT `fk_prodInsumo_1` FOREIGN KEY (`idUnidade`) REFERENCES `prodUnidade` (`idUnidade`) ON DELETE NO ACTION ON UPDATE NO ACTION,
  CONSTRAINT `fk_prodInsumo_2` FOREIGN KEY (`idUltimoCentroCusto`) REFERENCES `prodCentroCusto` (`idCentroCusto`) ON DELETE NO ACTION ON UPDATE NO ACTION,
  CONSTRAINT `fk_prodPecas_1` FOREIGN KEY (`idModelo`) REFERENCES `prodModelo` (`idModelo`) ON DELETE NO ACTION ON UPDATE NO ACTION,
  CONSTRAINT `fk_prodPecas_2` FOREIGN KEY (`idMarca`) REFERENCES `prodMarca` (`idMarca`) ON DELETE NO ACTION ON UPDATE NO ACTION,
  CONSTRAINT `fk_prodPecas_3` FOREIGN KEY (`idFornecedorUltimaCompra`) REFERENCES `prodFornecedor` (`idFornecedor`) ON DELETE NO ACTION ON UPDATE NO ACTION,
  CONSTRAINT `fk_prodPecas_4` FOREIGN KEY (`idMaquina`) REFERENCES `prodMaquina` (`idMaquina`) ON DELETE NO ACTION ON UPDATE NO ACTION,
  CONSTRAINT `fk_prodPecas_5` FOREIGN KEY (`idUltimaOS`) REFERENCES `prodOS` (`idOS`) ON DELETE NO ACTION ON UPDATE NO ACTION,
  CONSTRAINT `fk_prodPecas_6` FOREIGN KEY (`idGrupo`) REFERENCES `prodGrupo` (`idGrupo`) ON DELETE NO ACTION ON UPDATE NO ACTION
) ENGINE=InnoDB AUTO_INCREMENT=9 DEFAULT CHARSET=latin1;
/*!40101 SET character_set_client = @saved_cs_client */;

--
-- Dumping data for table `prodInsumo`
--

LOCK TABLES `prodInsumo` WRITE;
/*!40000 ALTER TABLE `prodInsumo` DISABLE KEYS */;
INSERT INTO `prodInsumo` VALUES (1,'Parafuso 3/4 rosca fina','2344324',1,1,1,'2016-02-14 00:00:00',1000,10,994,NULL,4664564,50.00,12.00,NULL,NULL,NULL,4,1,1,NULL,12),(2,'Rolamento 4/2','1234',1,1,1,'2016-02-07 00:00:00',1000,100,46,NULL,43434343,4.00,10.00,NULL,NULL,NULL,3,1,2,NULL,56),(3,'Parafuso de rosca grossa uma polegada','123',1,1,1,'2016-02-12 00:00:00',444,12,-10,NULL,5555,10.00,20.00,'78',NULL,NULL,4,1,1,NULL,600),(4,'Pincel',NULL,1,1,NULL,NULL,NULL,NULL,NULL,NULL,NULL,NULL,NULL,NULL,NULL,NULL,1,1,1,NULL,3),(5,'Tinta Branca',NULL,NULL,NULL,NULL,NULL,NULL,NULL,NULL,NULL,NULL,NULL,NULL,NULL,NULL,NULL,1,1,5,NULL,150),(6,'Tinta Laranja',NULL,NULL,NULL,NULL,NULL,NULL,NULL,NULL,NULL,NULL,NULL,NULL,NULL,NULL,NULL,1,1,5,NULL,150),(7,'Lixa parede',NULL,NULL,NULL,1,'2016-04-29 00:00:00',300,23,33,NULL,NULL,NULL,NULL,'45553',NULL,NULL,1,1,1,NULL,0.5),(8,'Seladora',NULL,NULL,NULL,NULL,NULL,NULL,NULL,NULL,NULL,NULL,NULL,NULL,NULL,NULL,NULL,1,1,5,NULL,50);
/*!40000 ALTER TABLE `prodInsumo` ENABLE KEYS */;
UNLOCK TABLES;

--
-- Table structure for table `prodLocalEstoque`
--

DROP TABLE IF EXISTS `prodLocalEstoque`;
/*!40101 SET @saved_cs_client     = @@character_set_client */;
/*!40101 SET character_set_client = utf8 */;
CREATE TABLE `prodLocalEstoque` (
  `idLocalEstoque` int(11) NOT NULL AUTO_INCREMENT,
  `dsLocalEstoque` varchar(45) DEFAULT NULL,
  `stStatus` tinyint(4) DEFAULT '1',
  PRIMARY KEY (`idLocalEstoque`)
) ENGINE=InnoDB AUTO_INCREMENT=4 DEFAULT CHARSET=latin1;
/*!40101 SET character_set_client = @saved_cs_client */;

--
-- Dumping data for table `prodLocalEstoque`
--

LOCK TABLES `prodLocalEstoque` WRITE;
/*!40000 ALTER TABLE `prodLocalEstoque` DISABLE KEYS */;
INSERT INTO `prodLocalEstoque` VALUES (3,'Almoxarifado',1);
/*!40000 ALTER TABLE `prodLocalEstoque` ENABLE KEYS */;
UNLOCK TABLES;

--
-- Table structure for table `prodLog`
--

DROP TABLE IF EXISTS `prodLog`;
/*!40101 SET @saved_cs_client     = @@character_set_client */;
/*!40101 SET character_set_client = utf8 */;
CREATE TABLE `prodLog` (
  `idLog` int(11) NOT NULL AUTO_INCREMENT COMMENT 'codigo do log',
  `idUsuario` int(11) NOT NULL COMMENT 'codigo do usuario',
  `mensagem` varchar(255) COLLATE utf8_bin NOT NULL COMMENT 'mensagem do log',
  `idLogTipo` int(11) NOT NULL COMMENT 'tipo da operacao',
  `data` datetime DEFAULT NULL COMMENT 'Data do Log',
  `stStatus` tinyint(4) DEFAULT '1',
  PRIMARY KEY (`idLog`,`idUsuario`),
  KEY `fk_prodLog_1_idx` (`idLogTipo`),
  KEY `fk_prodLog_2_idx` (`idUsuario`),
  CONSTRAINT `fk_prodLog_1` FOREIGN KEY (`idLogTipo`) REFERENCES `prodLogTipo` (`idLogTipo`) ON DELETE NO ACTION ON UPDATE NO ACTION,
  CONSTRAINT `fk_prodLog_2` FOREIGN KEY (`idUsuario`) REFERENCES `prodUsuarios` (`idUsuario`) ON DELETE NO ACTION ON UPDATE NO ACTION
) ENGINE=InnoDB AUTO_INCREMENT=78578 DEFAULT CHARSET=utf8 COLLATE=utf8_bin AVG_ROW_LENGTH=139 COMMENT='Log do Sistema';
/*!40101 SET character_set_client = @saved_cs_client */;

--
-- Dumping data for table `prodLog`
--

LOCK TABLES `prodLog` WRITE;
/*!40000 ALTER TABLE `prodLog` DISABLE KEYS */;
INSERT INTO `prodLog` VALUES (78117,1,'sessao expirada após 30 minutos sem admin - ',1,'2016-01-19 14:47:31',NULL),(78118,1,'sessao expirada após 30 minutos sem admin - ',1,'2016-01-19 14:51:02',NULL),(78119,1,'sessao expirada após 30 minutos sem admin - ',1,'2016-01-19 14:56:14',NULL),(78120,1,'sessao expirada após 30 minutos sem admin - ',1,'2016-01-19 22:21:47',NULL),(78122,1,'saiu do portal',21,'2016-01-20 13:46:44',1),(78123,1,'LOGIN NO PORTAL',20,'2016-01-20 13:46:52',1),(78124,1,'saiu do portal',21,'2016-01-20 13:59:32',1),(78125,1,'LOGIN NO PORTAL',20,'2016-01-20 13:59:40',1),(78126,1,'saiu do portal',21,'2016-01-20 14:32:55',1),(78127,1,'LOGIN NO PORTAL',20,'2016-01-20 14:48:03',1),(78128,1,'LOGIN NO PORTAL',20,'2016-01-21 13:04:31',1),(78129,1,'saiu do portal',21,'2016-01-21 13:04:51',1),(78130,1,'LOGIN NO PORTAL',20,'2016-01-21 18:08:21',1),(78131,1,'saiu do portal',21,'2016-01-21 18:13:15',1),(78132,1,'LOGIN NO PORTAL',20,'2016-01-21 18:15:37',1),(78133,1,'saiu do portal',21,'2016-01-21 18:47:49',1),(78134,1,'LOGIN NO PORTAL',20,'2016-01-21 18:48:00',1),(78135,1,'saiu do portal',21,'2016-01-21 18:48:41',1),(78136,1,'LOGIN NO PORTAL',20,'2016-01-21 18:48:50',1),(78137,1,'saiu do portal',21,'2016-01-21 19:15:17',1),(78138,1,'LOGIN NO PORTAL',20,'2016-01-21 19:15:23',1),(78139,1,'LOGIN NO PORTAL',20,'2016-01-21 22:09:13',1),(78140,1,'saiu do portal',21,'2016-01-21 22:11:12',1),(78141,1,'LOGIN NO PORTAL',20,'2016-01-21 22:11:19',1),(78142,1,'saiu do portal',21,'2016-01-21 23:09:17',1),(78143,1,'LOGIN NO PORTAL',20,'2016-01-21 23:09:27',1),(78144,1,'saiu do portal',21,'2016-01-21 23:09:51',1),(78145,1,'LOGIN NO PORTAL',20,'2016-01-21 23:09:59',1),(78146,1,'LOGIN NO PORTAL',20,'2016-01-22 21:21:13',1),(78147,1,'saiu do portal',21,'2016-01-22 21:44:31',1),(78148,1,'LOGIN NO PORTAL',20,'2016-01-22 21:44:39',1),(78149,1,'saiu do portal',21,'2016-01-22 21:44:57',1),(78150,1,'LOGIN NO PORTAL',20,'2016-01-22 21:45:04',1),(78151,1,'saiu do portal',21,'2016-01-22 22:10:22',1),(78152,1,'LOGIN NO PORTAL',20,'2016-01-22 22:10:29',1),(78153,1,'saiu do portal',21,'2016-01-22 22:18:58',1),(78154,1,'LOGIN NO PORTAL',20,'2016-01-22 22:19:05',1),(78155,1,'saiu do portal',21,'2016-01-22 22:19:43',1),(78156,1,'LOGIN NO PORTAL',20,'2016-01-22 22:19:49',1),(78157,1,'saiu do portal',21,'2016-01-22 22:21:35',1),(78158,1,'LOGIN NO PORTAL',20,'2016-01-22 22:21:42',1),(78159,1,'saiu do portal',21,'2016-01-22 22:24:27',1),(78160,1,'LOGIN NO PORTAL',20,'2016-01-22 22:24:32',1),(78161,1,'saiu do portal',21,'2016-01-22 22:42:28',1),(78162,1,'LOGIN NO PORTAL',20,'2016-01-22 22:42:36',1),(78163,1,'saiu do portal',21,'2016-01-22 22:47:47',1),(78164,1,'LOGIN NO PORTAL',20,'2016-01-22 22:47:53',1),(78165,1,'saiu do portal',21,'2016-01-22 22:49:09',1),(78166,1,'LOGIN NO PORTAL',20,'2016-01-22 22:49:16',1),(78167,1,'saiu do portal',21,'2016-01-22 22:50:18',1),(78168,1,'LOGIN NO PORTAL',20,'2016-01-22 22:50:24',1),(78169,1,'saiu do portal',21,'2016-01-22 22:50:42',1),(78170,1,'LOGIN NO PORTAL',20,'2016-01-22 22:50:48',1),(78171,1,'saiu do portal',21,'2016-01-22 22:50:59',1),(78172,1,'LOGIN NO PORTAL',20,'2016-01-24 21:46:50',1),(78173,1,'saiu do portal',21,'2016-01-24 21:49:15',1),(78174,1,'LOGIN NO PORTAL',20,'2016-01-24 21:49:28',1),(78175,1,'saiu do portal',21,'2016-01-24 21:51:34',1),(78176,1,'LOGIN NO PORTAL',20,'2016-01-24 21:51:41',1),(78177,1,'saiu do portal',21,'2016-01-24 21:53:01',1),(78178,1,'LOGIN NO PORTAL',20,'2016-01-24 21:53:09',1),(78179,1,'saiu do portal',21,'2016-01-24 21:54:07',1),(78180,1,'LOGIN NO PORTAL',20,'2016-01-24 21:54:16',1),(78181,1,'saiu do portal',21,'2016-01-24 22:15:35',1),(78182,1,'LOGIN NO PORTAL',20,'2016-01-24 22:15:50',1),(78183,1,'saiu do portal',21,'2016-01-24 22:25:38',1),(78184,1,'LOGIN NO PORTAL',20,'2016-01-24 22:25:46',1),(78185,1,'saiu do portal',21,'2016-01-24 22:30:04',1),(78186,1,'LOGIN NO PORTAL',20,'2016-01-24 22:30:13',1),(78187,1,'saiu do portal',21,'2016-01-24 22:31:50',1),(78188,1,'LOGIN NO PORTAL',20,'2016-01-24 22:31:59',1),(78189,1,'saiu do portal',21,'2016-01-24 22:43:52',1),(78190,1,'LOGIN NO PORTAL',20,'2016-01-24 22:44:01',1),(78191,1,'saiu do portal',21,'2016-01-24 22:44:43',1),(78192,1,'LOGIN NO PORTAL',20,'2016-01-24 22:44:50',1),(78193,1,'saiu do portal',21,'2016-01-24 22:46:53',1),(78194,1,'LOGIN NO PORTAL',20,'2016-01-24 22:47:00',1),(78195,1,'saiu do portal',21,'2016-01-24 22:47:37',1),(78196,1,'LOGIN NO PORTAL',20,'2016-01-25 06:59:30',1),(78197,1,'saiu do portal',21,'2016-01-25 07:01:04',1),(78198,1,'LOGIN NO PORTAL',20,'2016-01-25 07:01:12',1),(78199,1,'saiu do portal',21,'2016-01-25 07:07:53',1),(78200,1,'LOGIN NO PORTAL',20,'2016-01-25 07:08:00',1),(78201,1,'saiu do portal',21,'2016-01-25 07:18:52',1),(78202,1,'LOGIN NO PORTAL',20,'2016-01-25 07:18:59',1),(78203,1,'saiu do portal',21,'2016-01-25 08:02:04',1),(78204,1,'LOGIN NO PORTAL',20,'2016-01-25 08:02:13',1),(78205,1,'LOGIN NO PORTAL',20,'2016-01-25 08:48:58',1),(78206,1,'saiu do portal',21,'2016-01-25 08:57:35',1),(78207,1,'LOGIN NO PORTAL',20,'2016-01-25 08:57:40',1),(78208,1,'saiu do portal',21,'2016-01-25 09:16:37',1),(78209,1,'LOGIN NO PORTAL',20,'2016-01-25 09:16:44',1),(78210,1,'saiu do portal',21,'2016-01-25 09:21:05',1),(78211,1,'LOGIN NO PORTAL',20,'2016-01-25 09:21:11',1),(78212,1,'LOGIN NO PORTAL',20,'2016-01-25 18:14:44',1),(78213,1,'saiu do portal',21,'2016-01-25 19:04:32',1),(78214,1,'LOGIN NO PORTAL',20,'2016-01-25 19:04:41',1),(78215,1,'LOGIN NO PORTAL',20,'2016-01-25 19:48:41',1),(78216,1,'saiu do portal',21,'2016-01-25 20:56:35',1),(78217,1,'LOGIN NO PORTAL',20,'2016-01-25 20:58:17',1),(78218,1,'saiu do portal',21,'2016-01-25 21:10:20',1),(78219,1,'LOGIN NO PORTAL',20,'2016-01-25 21:10:27',1),(78220,1,'saiu do portal',21,'2016-01-25 21:16:54',1),(78221,1,'LOGIN NO PORTAL',20,'2016-01-25 21:17:01',1),(78222,1,'saiu do portal',21,'2016-01-25 21:19:24',1),(78223,1,'LOGIN NO PORTAL',20,'2016-01-25 21:19:31',1),(78224,1,'LOGIN NO PORTAL',20,'2016-01-25 21:47:04',1),(78225,1,'saiu do portal',21,'2016-01-25 21:48:12',1),(78226,1,'LOGIN NO PORTAL',20,'2016-01-25 21:48:20',1),(78227,1,'saiu do portal',21,'2016-01-25 22:16:50',1),(78228,1,'LOGIN NO PORTAL',20,'2016-01-25 22:17:02',1),(78229,1,'saiu do portal',21,'2016-01-25 22:22:38',1),(78230,1,'LOGIN NO PORTAL',20,'2016-01-26 09:23:12',1),(78231,1,'saiu do portal',21,'2016-01-26 09:24:27',1),(78232,1,'LOGIN NO PORTAL',20,'2016-01-26 09:24:33',1),(78233,1,'saiu do portal',21,'2016-01-26 09:25:35',1),(78234,1,'LOGIN NO PORTAL',20,'2016-01-26 09:25:41',1),(78235,1,'LOGIN NO PORTAL',20,'2016-01-26 11:57:31',1),(78236,1,'saiu do portal',21,'2016-01-26 12:03:33',1),(78237,1,'LOGIN NO PORTAL',20,'2016-01-26 12:03:41',1),(78238,1,'LOGIN NO PORTAL',20,'2016-01-26 20:07:08',1),(78239,1,'saiu do portal',21,'2016-01-26 20:12:34',1),(78240,1,'LOGIN NO PORTAL',20,'2016-01-26 20:20:44',1),(78241,1,'saiu do portal',21,'2016-01-26 20:21:38',1),(78242,1,'LOGIN NO PORTAL',20,'2016-01-26 20:21:49',1),(78243,1,'saiu do portal',21,'2016-01-26 20:22:06',1),(78244,1,'LOGIN NO PORTAL',20,'2016-01-26 20:24:08',1),(78245,1,'saiu do portal',21,'2016-01-26 20:24:41',1),(78246,1,'LOGIN NO PORTAL',20,'2016-01-26 20:24:50',1),(78247,1,'saiu do portal',21,'2016-01-26 20:26:19',1),(78248,1,'LOGIN NO PORTAL',20,'2016-01-26 20:26:31',1),(78249,1,'LOGIN NO PORTAL',20,'2016-01-27 18:49:40',1),(78250,1,'LOGIN NO PORTAL',20,'2016-01-27 18:51:23',1),(78251,1,'LOGIN NO PORTAL',20,'2016-01-27 21:31:43',1),(78252,1,'saiu do portal',21,'2016-01-27 22:02:16',1),(78253,1,'LOGIN NO PORTAL',20,'2016-01-27 22:02:28',1),(78254,1,'LOGIN NO PORTAL',20,'2016-01-28 12:19:50',1),(78255,1,'LOGIN NO PORTAL',20,'2016-01-28 18:06:25',1),(78256,1,'saiu do portal',21,'2016-01-28 18:11:00',1),(78257,1,'LOGIN NO PORTAL',20,'2016-01-28 18:11:06',1),(78258,1,'saiu do portal',21,'2016-01-28 18:22:01',1),(78259,1,'LOGIN NO PORTAL',20,'2016-01-28 18:22:07',1),(78260,1,'saiu do portal',21,'2016-01-28 18:24:00',1),(78261,1,'LOGIN NO PORTAL',20,'2016-01-28 18:24:07',1),(78262,1,'saiu do portal',21,'2016-01-28 18:24:16',1),(78263,1,'LOGIN NO PORTAL',20,'2016-01-28 18:24:22',1),(78264,1,'saiu do portal',21,'2016-01-28 18:27:44',1),(78265,1,'LOGIN NO PORTAL',20,'2016-01-28 18:27:51',1),(78266,1,'saiu do portal',21,'2016-01-28 18:44:52',1),(78267,1,'LOGIN NO PORTAL',20,'2016-01-28 18:44:58',1),(78268,1,'saiu do portal',21,'2016-01-28 19:43:33',1),(78269,1,'LOGIN NO PORTAL',20,'2016-01-28 19:43:40',1),(78270,1,'saiu do portal',21,'2016-01-28 20:20:27',1),(78271,1,'LOGIN NO PORTAL',20,'2016-01-28 20:20:35',1),(78272,1,'saiu do portal',21,'2016-01-28 20:53:40',1),(78273,1,'LOGIN NO PORTAL',20,'2016-01-28 20:54:14',1),(78274,1,'saiu do portal',21,'2016-01-28 20:54:29',1),(78275,1,'LOGIN NO PORTAL',20,'2016-01-28 20:54:37',1),(78276,1,'saiu do portal',21,'2016-01-28 20:56:12',1),(78277,1,'LOGIN NO PORTAL',20,'2016-01-28 20:56:18',1),(78278,1,'saiu do portal',21,'2016-01-28 21:04:03',1),(78279,1,'LOGIN NO PORTAL',20,'2016-01-28 21:04:10',1),(78280,1,'saiu do portal',21,'2016-01-28 21:04:49',1),(78281,1,'LOGIN NO PORTAL',20,'2016-01-28 21:04:56',1),(78282,1,'saiu do portal',21,'2016-01-28 21:20:56',1),(78283,1,'LOGIN NO PORTAL',20,'2016-01-28 21:21:07',1),(78284,1,'saiu do portal',21,'2016-01-28 21:27:55',1),(78285,1,'LOGIN NO PORTAL',20,'2016-01-28 21:28:03',1),(78286,1,'LOGIN NO PORTAL',20,'2016-01-28 22:13:12',1),(78287,1,'saiu do portal',21,'2016-01-28 22:20:51',1),(78288,1,'LOGIN NO PORTAL',20,'2016-01-28 22:20:59',1),(78289,1,'saiu do portal',21,'2016-01-28 22:29:00',1),(78290,1,'LOGIN NO PORTAL',20,'2016-01-28 22:29:13',1),(78291,1,'saiu do portal',21,'2016-01-28 22:29:51',1),(78292,1,'LOGIN NO PORTAL',20,'2016-01-28 22:30:00',1),(78293,1,'LOGIN NO PORTAL',20,'2016-01-29 15:48:32',1),(78294,1,'saiu do portal',21,'2016-01-29 15:49:12',1),(78295,1,'LOGIN NO PORTAL',20,'2016-01-29 15:49:18',1),(78296,1,'saiu do portal',21,'2016-01-29 15:53:27',1),(78297,1,'LOGIN NO PORTAL',20,'2016-01-29 15:53:39',1),(78298,1,'LOGIN NO PORTAL',20,'2016-01-29 20:37:00',1),(78299,1,'saiu do portal',21,'2016-01-29 20:38:13',1),(78300,1,'LOGIN NO PORTAL',20,'2016-01-29 20:38:23',1),(78301,1,'LOGIN NO PORTAL',20,'2016-01-30 19:26:18',1),(78302,1,'saiu do portal',21,'2016-01-30 20:04:03',1),(78303,1,'LOGIN NO PORTAL',20,'2016-01-30 20:04:09',1),(78304,1,'saiu do portal',21,'2016-01-30 20:15:23',1),(78305,1,'LOGIN NO PORTAL',20,'2016-01-30 20:15:30',1),(78306,1,'saiu do portal',21,'2016-01-30 21:43:01',1),(78307,1,'LOGIN NO PORTAL',20,'2016-01-30 21:43:09',1),(78308,1,'saiu do portal',21,'2016-01-30 22:01:53',1),(78309,1,'LOGIN NO PORTAL',20,'2016-01-30 22:02:00',1),(78310,1,'LOGIN NO PORTAL',20,'2016-01-30 22:54:35',1),(78311,1,'saiu do portal',21,'2016-01-30 22:55:45',1),(78312,1,'LOGIN NO PORTAL',20,'2016-01-30 22:55:53',1),(78313,1,'saiu do portal',21,'2016-01-30 23:35:17',1),(78314,1,'LOGIN NO PORTAL',20,'2016-01-30 23:35:23',1),(78315,1,'LOGIN NO PORTAL',20,'2016-01-31 08:54:13',1),(78316,1,'saiu do portal',21,'2016-01-31 09:02:19',1),(78317,1,'LOGIN NO PORTAL',20,'2016-01-31 09:05:55',1),(78318,1,'saiu do portal',21,'2016-01-31 09:07:50',1),(78319,1,'LOGIN NO PORTAL',20,'2016-01-31 09:08:09',1),(78320,1,'LOGIN NO PORTAL',20,'2016-01-31 15:27:51',1),(78321,1,'LOGIN NO PORTAL',20,'2016-01-31 19:15:46',1),(78322,1,'LOGIN NO PORTAL',20,'2016-02-01 07:58:06',1),(78323,1,'saiu do portal',21,'2016-02-01 08:26:49',1),(78324,1,'LOGIN NO PORTAL',20,'2016-02-01 08:26:54',1),(78325,1,'LOGIN NO PORTAL',20,'2016-02-01 09:47:15',1),(78326,1,'LOGIN NO PORTAL',20,'2016-02-01 13:11:53',1),(78327,1,'LOGIN NO PORTAL',20,'2016-02-01 14:27:55',1),(78328,1,'LOGIN NO PORTAL',20,'2016-02-01 18:39:17',1),(78329,1,'LOGIN NO PORTAL',20,'2016-02-02 07:05:31',1),(78330,1,'LOGIN NO PORTAL',20,'2016-02-02 15:15:30',1),(78331,1,'LOGIN NO PORTAL',20,'2016-02-03 09:39:26',1),(78332,1,'saiu do portal',21,'2016-02-03 09:43:33',1),(78333,1,'LOGIN NO PORTAL',20,'2016-02-03 09:43:49',1),(78334,1,'LOGIN NO PORTAL',20,'2016-02-03 16:50:31',1),(78335,1,'LOGIN NO PORTAL',20,'2016-02-03 18:21:10',1),(78336,1,'saiu do portal',21,'2016-02-03 19:24:44',1),(78337,1,'LOGIN NO PORTAL',20,'2016-02-03 19:24:51',1),(78338,1,'LOGIN NO PORTAL',20,'2016-02-03 21:26:51',1),(78339,1,'saiu do portal',21,'2016-02-03 21:33:28',1),(78340,1,'LOGIN NO PORTAL',20,'2016-02-03 21:33:37',1),(78341,1,'LOGIN NO PORTAL',20,'2016-02-04 07:13:51',1),(78342,1,'LOGIN NO PORTAL',20,'2016-02-04 08:22:42',1),(78343,1,'LOGIN NO PORTAL',20,'2016-02-05 12:04:22',1),(78344,1,'LOGIN NO PORTAL',20,'2016-02-05 21:56:55',1),(78345,1,'LOGIN NO PORTAL',20,'2016-02-05 22:45:00',1),(78346,1,'saiu do portal',21,'2016-02-05 22:53:07',1),(78347,1,'LOGIN NO PORTAL',20,'2016-02-05 22:53:43',1),(78348,1,'saiu do portal',21,'2016-02-05 22:54:37',1),(78349,1,'LOGIN NO PORTAL',20,'2016-02-05 22:54:48',1),(78350,1,'saiu do portal',21,'2016-02-05 22:55:37',1),(78351,1,'LOGIN NO PORTAL',20,'2016-02-05 22:57:32',1),(78352,1,'LOGIN NO PORTAL',20,'2016-02-06 14:46:28',1),(78353,1,'LOGIN NO PORTAL',20,'2016-02-06 15:06:46',1),(78354,1,'saiu do portal',21,'2016-02-06 15:08:35',1),(78355,1,'LOGIN NO PORTAL',20,'2016-02-06 16:18:39',1),(78356,1,'LOGIN NO PORTAL',20,'2016-02-06 17:28:41',1),(78357,1,'saiu do portal',21,'2016-02-06 17:29:27',1),(78358,1,'LOGIN NO PORTAL',20,'2016-02-06 17:29:33',1),(78359,1,'LOGIN NO PORTAL',20,'2016-02-06 19:42:59',1),(78360,1,'LOGIN NO PORTAL',20,'2016-02-06 21:27:28',1),(78361,1,'LOGIN NO PORTAL',20,'2016-02-07 08:08:59',1),(78362,1,'saiu do portal',21,'2016-02-07 09:20:22',1),(78363,1,'LOGIN NO PORTAL',20,'2016-02-07 09:20:28',1),(78364,1,'saiu do portal',21,'2016-02-07 09:30:03',1),(78365,1,'LOGIN NO PORTAL',20,'2016-02-07 09:30:09',1),(78366,1,'saiu do portal',21,'2016-02-07 09:52:45',1),(78367,1,'LOGIN NO PORTAL',20,'2016-02-07 15:26:35',1),(78368,1,'LOGIN NO PORTAL',20,'2016-02-07 16:45:22',1),(78369,1,'LOGIN NO PORTAL',20,'2016-02-08 17:56:06',1),(78370,1,'LOGIN NO PORTAL',20,'2016-02-08 21:32:57',1),(78371,1,'LOGIN NO PORTAL',20,'2016-02-08 23:01:34',1),(78372,1,'saiu do portal',21,'2016-02-08 23:11:13',1),(78373,1,'LOGIN NO PORTAL',20,'2016-02-10 07:22:10',1),(78374,1,'saiu do portal',21,'2016-02-10 07:32:40',1),(78375,1,'LOGIN NO PORTAL',20,'2016-02-10 07:32:46',1),(78376,1,'LOGIN NO PORTAL',20,'2016-02-11 17:04:00',1),(78377,1,'LOGIN NO PORTAL',20,'2016-02-12 17:54:22',1),(78378,1,'LOGIN NO PORTAL',20,'2016-02-13 23:07:10',1),(78379,1,'saiu do portal',21,'2016-02-13 23:28:24',1),(78380,1,'LOGIN NO PORTAL',20,'2016-02-13 23:28:32',1),(78381,1,'LOGIN NO PORTAL',20,'2016-02-14 08:22:45',1),(78382,1,'saiu do portal',21,'2016-02-14 09:02:44',1),(78383,1,'LOGIN NO PORTAL',20,'2016-02-14 09:02:53',1),(78384,1,'saiu do portal',21,'2016-02-14 09:12:55',1),(78385,1,'LOGIN NO PORTAL',20,'2016-02-14 09:13:03',1),(78386,1,'saiu do portal',21,'2016-02-14 10:21:43',1),(78387,1,'LOGIN NO PORTAL',20,'2016-02-14 20:03:29',1),(78388,1,'LOGIN NO PORTAL',20,'2016-02-15 15:50:29',1),(78389,1,'LOGIN NO PORTAL',20,'2016-02-15 19:33:13',1),(78390,1,'saiu do portal',21,'2016-02-15 19:34:39',1),(78391,1,'LOGIN NO PORTAL',20,'2016-02-15 19:34:47',1),(78392,1,'saiu do portal',21,'2016-02-15 19:35:42',1),(78393,1,'LOGIN NO PORTAL',20,'2016-02-15 19:35:59',1),(78394,1,'saiu do portal',21,'2016-02-15 19:43:52',1),(78395,1,'LOGIN NO PORTAL',20,'2016-02-15 19:43:58',1),(78396,1,'saiu do portal',21,'2016-02-15 19:57:52',1),(78397,1,'LOGIN NO PORTAL',20,'2016-02-15 19:58:00',1),(78398,1,'saiu do portal',21,'2016-02-15 19:58:57',1),(78399,1,'LOGIN NO PORTAL',20,'2016-02-15 19:59:03',1),(78400,1,'saiu do portal',21,'2016-02-15 19:59:56',1),(78401,1,'LOGIN NO PORTAL',20,'2016-02-15 20:00:05',1),(78402,1,'saiu do portal',21,'2016-02-15 22:07:38',1),(78403,1,'LOGIN NO PORTAL',20,'2016-02-15 22:07:44',1),(78404,1,'LOGIN NO PORTAL',20,'2016-02-16 11:27:16',1),(78405,1,'LOGIN NO PORTAL',20,'2016-02-16 13:20:56',1),(78406,1,'saiu do portal',21,'2016-02-16 13:21:27',1),(78407,1,'LOGIN NO PORTAL',20,'2016-02-16 13:21:33',1),(78408,1,'LOGIN NO PORTAL',20,'2016-02-19 16:58:39',1),(78409,1,'LOGIN NO PORTAL',20,'2016-02-19 18:15:15',1),(78410,1,'saiu do portal',21,'2016-02-19 19:27:54',1),(78411,1,'LOGIN NO PORTAL',20,'2016-02-19 19:28:01',1),(78412,1,'LOGIN NO PORTAL',20,'2016-02-20 19:57:41',1),(78413,1,'saiu do portal',21,'2016-02-20 20:03:48',1),(78414,1,'LOGIN NO PORTAL',20,'2016-02-20 20:03:58',1),(78415,1,'saiu do portal',21,'2016-02-20 20:33:55',1),(78416,1,'LOGIN NO PORTAL',20,'2016-02-20 20:34:03',1),(78417,1,'saiu do portal',21,'2016-02-20 22:07:17',1),(78418,1,'LOGIN NO PORTAL',20,'2016-02-20 22:08:46',1),(78419,1,'saiu do portal',21,'2016-02-20 22:37:25',1),(78420,1,'LOGIN NO PORTAL',20,'2016-02-20 22:37:33',1),(78421,1,'LOGIN NO PORTAL',20,'2016-02-21 13:55:56',1),(78422,1,'LOGIN NO PORTAL',20,'2016-02-21 22:05:58',1),(78423,1,'saiu do portal',21,'2016-02-21 22:28:47',1),(78424,1,'LOGIN NO PORTAL',20,'2016-02-22 08:48:06',1),(78425,1,'saiu do portal',21,'2016-02-22 09:08:05',1),(78426,1,'LOGIN NO PORTAL',20,'2016-02-22 09:08:12',1),(78427,1,'saiu do portal',21,'2016-02-22 09:21:50',1),(78428,1,'LOGIN NO PORTAL',20,'2016-02-22 09:21:56',1),(78429,1,'saiu do portal',21,'2016-02-22 09:22:45',1),(78430,1,'LOGIN NO PORTAL',20,'2016-02-22 09:22:52',1),(78431,1,'LOGIN NO PORTAL',20,'2016-02-22 13:41:33',1),(78432,1,'saiu do portal',21,'2016-02-22 13:57:30',1),(78433,1,'LOGIN NO PORTAL',20,'2016-02-22 13:57:36',1),(78434,1,'LOGIN NO PORTAL',20,'2016-02-23 20:41:27',1),(78435,1,'LOGIN NO PORTAL',20,'2016-02-24 11:04:36',1),(78436,1,'LOGIN NO PORTAL',20,'2016-02-24 13:25:10',1),(78437,1,'LOGIN NO PORTAL',20,'2016-02-24 19:06:45',1),(78438,1,'saiu do portal',21,'2016-02-24 19:19:06',1),(78439,1,'LOGIN NO PORTAL',20,'2016-02-24 19:19:11',1),(78440,1,'saiu do portal',21,'2016-02-24 19:20:11',1),(78441,1,'LOGIN NO PORTAL',20,'2016-02-24 19:20:18',1),(78442,1,'saiu do portal',21,'2016-02-24 21:03:43',1),(78443,1,'LOGIN NO PORTAL',20,'2016-02-24 21:03:56',1),(78444,1,'LOGIN NO PORTAL',20,'2016-02-27 22:34:28',1),(78445,1,'LOGIN NO PORTAL',20,'2016-02-28 11:12:35',1),(78446,1,'LOGIN NO PORTAL',20,'2016-02-28 11:43:37',1),(78447,1,'LOGIN NO PORTAL',20,'2016-02-28 15:30:45',1),(78448,1,'saiu do portal',21,'2016-02-28 15:30:57',1),(78449,1,'LOGIN NO PORTAL',20,'2016-02-28 15:31:06',1),(78450,1,'LOGIN NO PORTAL',20,'2016-02-28 18:37:46',1),(78451,1,'LOGIN NO PORTAL',20,'2016-02-28 19:08:50',1),(78452,1,'LOGIN NO PORTAL',20,'2016-02-28 21:03:59',1),(78453,1,'saiu do portal',21,'2016-02-28 22:01:00',1),(78454,1,'LOGIN NO PORTAL',20,'2016-02-29 19:17:10',1),(78455,1,'LOGIN NO PORTAL',20,'2016-02-29 21:00:25',1),(78456,1,'LOGIN NO PORTAL',20,'2016-03-02 14:05:05',1),(78457,1,'LOGIN NO PORTAL',20,'2016-03-03 17:56:45',1),(78458,1,'saiu do portal',21,'2016-03-03 18:14:28',1),(78459,1,'LOGIN NO PORTAL',20,'2016-03-03 18:14:54',1),(78460,1,'saiu do portal',21,'2016-03-03 18:37:46',1),(78461,1,'LOGIN NO PORTAL',20,'2016-03-03 20:05:07',1),(78462,1,'LOGIN NO PORTAL',20,'2016-03-03 21:12:24',1),(78463,1,'saiu do portal',21,'2016-03-03 21:13:07',1),(78464,1,'LOGIN NO PORTAL',20,'2016-03-03 21:13:13',1),(78465,1,'LOGIN NO PORTAL',20,'2016-03-04 13:22:05',1),(78466,1,'LOGIN NO PORTAL',20,'2016-03-04 17:06:15',1),(78467,1,'LOGIN NO PORTAL',20,'2016-03-05 13:05:35',1),(78468,1,'saiu do portal',21,'2016-03-05 14:34:44',1),(78469,1,'LOGIN NO PORTAL',20,'2016-03-05 14:34:55',1),(78470,1,'LOGIN NO PORTAL',20,'2016-03-05 16:59:22',1),(78471,1,'LOGIN NO PORTAL',20,'2016-03-05 19:27:17',1),(78472,1,'LOGIN NO PORTAL',20,'2016-03-05 20:58:07',1),(78473,1,'LOGIN NO PORTAL',20,'2016-03-06 08:44:45',1),(78474,1,'LOGIN NO PORTAL',20,'2016-03-06 18:32:59',1),(78475,1,'LOGIN NO PORTAL',20,'2016-03-07 07:47:32',1),(78476,1,'LOGIN NO PORTAL',20,'2016-03-07 13:09:09',1),(78477,1,'saiu do portal',21,'2016-03-07 14:32:33',1),(78478,1,'LOGIN NO PORTAL',20,'2016-03-07 14:32:39',1),(78479,1,'LOGIN NO PORTAL',20,'2016-03-07 19:39:42',1),(78480,1,'saiu do portal',21,'2016-03-07 21:07:08',1),(78481,1,'LOGIN NO PORTAL',20,'2016-03-07 21:07:20',1),(78482,1,'LOGIN NO PORTAL',20,'2016-03-08 07:50:18',1),(78483,1,'LOGIN NO PORTAL',20,'2016-03-08 10:17:33',1),(78484,1,'LOGIN NO PORTAL',20,'2016-03-08 12:32:45',1),(78485,1,'LOGIN NO PORTAL',20,'2016-03-08 17:36:46',1),(78486,1,'saiu do portal',21,'2016-03-08 18:15:07',1),(78487,1,'LOGIN NO PORTAL',20,'2016-03-08 18:15:16',1),(78488,1,'LOGIN NO PORTAL',20,'2016-03-08 21:42:09',1),(78489,1,'LOGIN NO PORTAL',20,'2016-03-09 09:17:26',1),(78490,1,'LOGIN NO PORTAL',20,'2016-03-09 13:14:38',1),(78491,1,'LOGIN NO PORTAL',20,'2016-03-09 17:25:33',1),(78492,1,'LOGIN NO PORTAL',20,'2016-03-09 18:58:12',1),(78493,1,'LOGIN NO PORTAL',20,'2016-03-09 20:49:03',1),(78494,1,'LOGIN NO PORTAL',20,'2016-03-10 12:26:27',1),(78495,1,'LOGIN NO PORTAL',20,'2016-03-10 17:25:32',1),(78496,1,'saiu do portal',21,'2016-03-10 18:02:42',1),(78497,1,'LOGIN NO PORTAL',20,'2016-03-10 18:02:48',1),(78498,1,'saiu do portal',21,'2016-03-10 18:09:27',1),(78499,1,'LOGIN NO PORTAL',20,'2016-03-10 18:09:37',1),(78500,1,'LOGIN NO PORTAL',20,'2016-03-11 17:13:59',1),(78501,1,'saiu do portal',21,'2016-03-11 18:05:15',1),(78502,1,'LOGIN NO PORTAL',20,'2016-03-11 18:05:21',1),(78503,1,'LOGIN NO PORTAL',20,'2016-03-12 09:25:43',1),(78504,1,'saiu do portal',21,'2016-03-12 11:01:06',1),(78505,1,'LOGIN NO PORTAL',20,'2016-03-12 11:01:11',1),(78506,1,'LOGIN NO PORTAL',20,'2016-03-13 13:31:16',1),(78507,1,'saiu do portal',21,'2016-03-13 13:43:43',1),(78508,1,'LOGIN NO PORTAL',20,'2016-03-13 13:44:08',1),(78509,1,'saiu do portal',21,'2016-03-13 14:05:07',1),(78510,1,'LOGIN NO PORTAL',20,'2016-03-13 14:05:14',1),(78511,1,'LOGIN NO PORTAL',20,'2016-03-13 17:47:04',1),(78512,1,'saiu do portal',21,'2016-03-13 17:50:07',1),(78513,1,'LOGIN NO PORTAL',20,'2016-03-13 17:50:14',1),(78514,1,'saiu do portal',21,'2016-03-13 17:53:13',1),(78515,1,'LOGIN NO PORTAL',20,'2016-03-13 17:53:22',1),(78516,1,'LOGIN NO PORTAL',20,'2016-03-14 17:47:05',1),(78517,1,'LOGIN NO PORTAL',20,'2016-03-14 19:00:18',1),(78518,1,'LOGIN NO PORTAL',20,'2016-03-15 12:16:28',1),(78519,1,'LOGIN NO PORTAL',20,'2016-03-15 13:27:08',1),(78520,1,'LOGIN NO PORTAL',20,'2016-03-15 14:46:29',1),(78521,1,'LOGIN NO PORTAL',20,'2016-03-15 15:53:55',1),(78522,1,'LOGIN NO PORTAL',20,'2016-03-15 16:08:11',1),(78523,1,'LOGIN NO PORTAL',20,'2016-03-15 17:29:15',1),(78524,1,'LOGIN NO PORTAL',20,'2016-03-15 20:02:12',1),(78525,1,'LOGIN NO PORTAL',20,'2016-03-16 09:30:27',1),(78526,1,'LOGIN NO PORTAL',20,'2016-03-16 17:38:45',1),(78527,1,'saiu do portal',21,'2016-03-16 18:28:34',1),(78528,1,'LOGIN NO PORTAL',20,'2016-03-17 17:37:43',1),(78529,1,'saiu do portal',21,'2016-03-17 17:39:56',1),(78530,1,'LOGIN NO PORTAL',20,'2016-03-17 17:40:03',1),(78531,1,'saiu do portal',21,'2016-03-17 18:29:25',1),(78532,1,'LOGIN NO PORTAL',20,'2016-03-17 18:29:42',1),(78533,1,'saiu do portal',21,'2016-03-17 18:31:46',1),(78534,1,'LOGIN NO PORTAL',20,'2016-03-17 18:31:52',1),(78535,1,'LOGIN NO PORTAL',20,'2016-03-19 16:46:04',1),(78536,1,'LOGIN NO PORTAL',20,'2016-03-20 18:35:22',1),(78537,1,'saiu do portal',21,'2016-03-20 18:35:56',1),(78538,1,'LOGIN NO PORTAL',20,'2016-03-20 18:36:08',1),(78539,1,'LOGIN NO PORTAL',20,'2016-03-20 18:40:45',1),(78540,1,'LOGIN NO PORTAL',20,'2016-03-21 09:22:59',1),(78541,1,'saiu do portal',21,'2016-03-21 09:37:07',1),(78542,1,'LOGIN NO PORTAL',20,'2016-03-21 17:37:19',1),(78543,1,'saiu do portal',21,'2016-03-21 18:09:59',1),(78544,1,'LOGIN NO PORTAL',20,'2016-03-21 18:10:07',1),(78545,1,'saiu do portal',21,'2016-03-21 19:26:31',1),(78546,1,'LOGIN NO PORTAL',20,'2016-03-21 19:26:39',1),(78547,1,'LOGIN NO PORTAL',20,'2016-03-23 17:29:49',1),(78548,1,'LOGIN NO PORTAL',20,'2016-03-23 20:23:48',1),(78549,1,'LOGIN NO PORTAL',20,'2016-03-26 20:35:51',1),(78550,1,'saiu do portal',21,'2016-03-26 20:59:59',1),(78551,1,'LOGIN NO PORTAL',20,'2016-03-26 21:00:08',1),(78552,1,'LOGIN NO PORTAL',20,'2016-03-26 21:01:37',1),(78553,1,'saiu do portal',21,'2016-03-26 21:51:27',1),(78554,1,'LOGIN NO PORTAL',20,'2016-03-26 21:51:36',1),(78555,1,'LOGIN NO PORTAL',20,'2016-03-27 17:28:46',1),(78556,1,'LOGIN NO PORTAL',20,'2016-03-27 18:42:18',1),(78557,1,'LOGIN NO PORTAL',20,'2016-03-27 21:47:36',1),(78558,1,'LOGIN NO PORTAL',20,'2016-03-28 19:43:17',1),(78559,1,'LOGIN NO PORTAL',20,'2016-03-29 17:42:07',1),(78560,1,'saiu do portal',21,'2016-03-29 17:54:25',1),(78561,1,'LOGIN NO PORTAL',20,'2016-03-29 17:54:35',1),(78562,1,'LOGIN NO PORTAL',20,'2016-03-30 19:40:41',1),(78563,1,'LOGIN NO PORTAL',20,'2016-03-31 17:45:35',1),(78564,1,'LOGIN NO PORTAL',20,'2016-03-31 20:11:36',1),(78565,1,'LOGIN NO PORTAL',20,'2016-04-29 12:24:36',1),(78566,1,'LOGIN NO PORTAL',20,'2016-05-21 22:33:21',1),(78567,1,'LOGIN NO PORTAL',20,'2016-05-21 22:33:27',1),(78568,1,'LOGIN NO PORTAL',20,'2016-05-22 10:07:11',1),(78569,1,'LOGIN NO PORTAL',20,'2016-05-22 10:08:47',1),(78570,1,'saiu do portal',21,'2016-05-22 12:57:30',1),(78571,1,'LOGIN NO PORTAL',20,'2016-05-22 20:21:23',1),(78572,1,'LOGIN NO PORTAL',20,'2016-05-26 12:02:20',1),(78573,1,'LOGIN NO PORTAL',20,'2016-05-26 18:40:07',1),(78574,1,'LOGIN NO PORTAL',20,'2016-05-27 10:44:18',1),(78575,1,'saiu do portal',21,'2016-05-27 10:46:17',1),(78576,1,'LOGIN NO PORTAL',20,'2016-05-27 10:46:25',1),(78577,1,'LOGIN NO PORTAL',20,'2016-05-28 21:57:24',1);
/*!40000 ALTER TABLE `prodLog` ENABLE KEYS */;
UNLOCK TABLES;

--
-- Table structure for table `prodLogTipo`
--

DROP TABLE IF EXISTS `prodLogTipo`;
/*!40101 SET @saved_cs_client     = @@character_set_client */;
/*!40101 SET character_set_client = utf8 */;
CREATE TABLE `prodLogTipo` (
  `idLogTipo` int(11) NOT NULL AUTO_INCREMENT COMMENT 'codigo do tipo do log',
  `descricao` varchar(50) COLLATE utf8_bin NOT NULL COMMENT 'descricao do tipo do log',
  `data` datetime NOT NULL,
  `stStatus` tinyint(4) DEFAULT '1',
  PRIMARY KEY (`idLogTipo`)
) ENGINE=InnoDB AUTO_INCREMENT=25 DEFAULT CHARSET=utf8 COLLATE=utf8_bin AVG_ROW_LENGTH=1092 COMMENT='Tipos de log';
/*!40101 SET character_set_client = @saved_cs_client */;

--
-- Dumping data for table `prodLogTipo`
--

LOCK TABLES `prodLogTipo` WRITE;
/*!40000 ALTER TABLE `prodLogTipo` DISABLE KEYS */;
INSERT INTO `prodLogTipo` VALUES (1,'Erro login','2016-01-20 00:00:00',1),(2,'Vago','2016-01-20 00:00:00',1),(3,'Vago','2016-01-20 00:00:00',1),(4,'Vago','2016-01-20 00:00:00',1),(5,'Vago','2016-01-20 00:00:00',1),(6,'Vago','2016-01-20 00:00:00',1),(7,'Vago','2016-01-20 00:00:00',1),(8,'Vago','2016-01-20 00:00:00',1),(9,'Vago','2016-01-20 00:00:00',1),(10,'Vago','2016-01-20 00:00:00',1),(11,'Vago','2016-01-20 00:00:00',1),(12,'Vago','2016-01-20 00:00:00',1),(13,'Vago','2016-01-20 00:00:00',1),(14,'Vago','2016-01-20 00:00:00',1),(15,'Vago','2016-01-20 00:00:00',1),(16,'Vago','2016-01-20 00:00:00',1),(17,'Vago','2016-01-20 00:00:00',1),(18,'Vago','2016-01-20 00:00:00',1),(19,'Vago','2016-01-20 00:00:00',1),(20,'Vago','2016-01-20 00:00:00',1),(21,'Vago','2016-01-20 00:00:00',1),(22,'Vago','2016-01-20 00:00:00',1),(23,'Vago','2016-01-20 00:00:00',1),(24,'Vago','2016-01-20 00:00:00',1);
/*!40000 ALTER TABLE `prodLogTipo` ENABLE KEYS */;
UNLOCK TABLES;

--
-- Table structure for table `prodMaoObra`
--

DROP TABLE IF EXISTS `prodMaoObra`;
/*!40101 SET @saved_cs_client     = @@character_set_client */;
/*!40101 SET character_set_client = utf8 */;
CREATE TABLE `prodMaoObra` (
  `idMaoObra` int(11) NOT NULL AUTO_INCREMENT,
  `dsMaoObra` varchar(45) DEFAULT NULL,
  `vlUnitario` float DEFAULT NULL COMMENT 'Valor unitário da hora',
  `idUnidade` int(11) DEFAULT NULL,
  `idTipoMaoObra` int(11) DEFAULT NULL,
  PRIMARY KEY (`idMaoObra`),
  KEY `fk_prodMaoObra_1_idx` (`idUnidade`),
  KEY `fk_prodMaoObra_2_idx` (`idTipoMaoObra`),
  CONSTRAINT `fk_prodMaoObra_1` FOREIGN KEY (`idUnidade`) REFERENCES `prodUnidade` (`idUnidade`) ON DELETE NO ACTION ON UPDATE NO ACTION,
  CONSTRAINT `fk_prodMaoObra_2` FOREIGN KEY (`idTipoMaoObra`) REFERENCES `prodTipoMaoObra` (`idTipoMaoObra`) ON DELETE NO ACTION ON UPDATE NO ACTION
) ENGINE=InnoDB AUTO_INCREMENT=8 DEFAULT CHARSET=latin1;
/*!40101 SET character_set_client = @saved_cs_client */;

--
-- Dumping data for table `prodMaoObra`
--

LOCK TABLES `prodMaoObra` WRITE;
/*!40000 ALTER TABLE `prodMaoObra` DISABLE KEYS */;
INSERT INTO `prodMaoObra` VALUES (1,'AJUDANTE',10,7,1),(2,'MESTRE DE OBRAS',150,7,1),(3,'PEDREIRO',100,7,1),(4,'PROJETISTA',3000,8,2),(5,'ENGENHEIRO',8000,8,2),(6,'Arquiteta',10,1,1),(7,'Pintor',15,9,1);
/*!40000 ALTER TABLE `prodMaoObra` ENABLE KEYS */;
UNLOCK TABLES;

--
-- Table structure for table `prodMaquina`
--

DROP TABLE IF EXISTS `prodMaquina`;
/*!40101 SET @saved_cs_client     = @@character_set_client */;
/*!40101 SET character_set_client = utf8 */;
CREATE TABLE `prodMaquina` (
  `idMaquina` int(11) NOT NULL AUTO_INCREMENT,
  `dsMaquina` varchar(45) DEFAULT NULL,
  `nrSerie` varchar(20) DEFAULT NULL,
  `idModelo` int(11) DEFAULT NULL,
  `idMarca` int(11) DEFAULT NULL,
  `dsCaracteristicas` varchar(255) DEFAULT NULL,
  `idGrupoCusto` int(11) DEFAULT NULL,
  `idSetor` int(11) DEFAULT NULL,
  `idMaquinaPai` int(11) DEFAULT NULL,
  `dtCompra` datetime DEFAULT NULL,
  `idFornecedorCompra` int(11) DEFAULT NULL,
  `vlCompra` float DEFAULT NULL,
  `nrNotaFiscalCompra` varchar(10) DEFAULT NULL,
  `dtCadastro` datetime DEFAULT NULL,
  `dtBaixa` datetime DEFAULT NULL,
  `idMotivoBaixa` int(11) DEFAULT NULL,
  `dsObservacaoBaixa` varchar(255) DEFAULT NULL,
  `dsObservacaoCompra` varchar(255) DEFAULT NULL,
  `idStatusMaquina` int(11) DEFAULT '1',
  `stStatus` tinyint(4) DEFAULT '1',
  `dsCodigoDoFabricante` int(11) DEFAULT NULL,
  `idUnidade` int(11) DEFAULT NULL,
  `vlUnitario` int(11) DEFAULT NULL,
  PRIMARY KEY (`idMaquina`),
  KEY `fk_prodMaquinas_1_idx` (`idModelo`),
  KEY `fk_prodMaquinas_2_idx` (`idMarca`),
  KEY `fk_prodMaquinas_4_idx` (`idGrupoCusto`),
  KEY `fk_prodMaquinas_5_idx` (`idSetor`),
  KEY `fk_prodMaquinas_6_idx` (`idFornecedorCompra`),
  KEY `fk_prodMaquinas_7_idx` (`idMotivoBaixa`),
  KEY `fk_prodMaquinas_8_idx` (`idStatusMaquina`),
  KEY `fk_prodMaquina_1_idx` (`idUnidade`),
  CONSTRAINT `fk_prodMaquinas_1` FOREIGN KEY (`idModelo`) REFERENCES `prodModelo` (`idModelo`) ON DELETE NO ACTION ON UPDATE NO ACTION,
  CONSTRAINT `fk_prodMaquinas_2` FOREIGN KEY (`idMarca`) REFERENCES `prodMarca` (`idMarca`) ON DELETE NO ACTION ON UPDATE NO ACTION,
  CONSTRAINT `fk_prodMaquinas_4` FOREIGN KEY (`idGrupoCusto`) REFERENCES `prodGrupoCusto` (`idGrupoCusto`) ON DELETE NO ACTION ON UPDATE NO ACTION,
  CONSTRAINT `fk_prodMaquinas_5` FOREIGN KEY (`idSetor`) REFERENCES `prodSetor` (`idSetor`) ON DELETE NO ACTION ON UPDATE NO ACTION,
  CONSTRAINT `fk_prodMaquinas_6` FOREIGN KEY (`idFornecedorCompra`) REFERENCES `prodFornecedor` (`idFornecedor`) ON DELETE NO ACTION ON UPDATE NO ACTION,
  CONSTRAINT `fk_prodMaquinas_7` FOREIGN KEY (`idMotivoBaixa`) REFERENCES `prodMotivoBaixa` (`idMotivoBaixa`) ON DELETE NO ACTION ON UPDATE NO ACTION,
  CONSTRAINT `fk_prodMaquinas_8` FOREIGN KEY (`idStatusMaquina`) REFERENCES `prodStatusMaquina` (`idStatusMaquina`) ON DELETE NO ACTION ON UPDATE NO ACTION,
  CONSTRAINT `fk_prodMaquina_1` FOREIGN KEY (`idUnidade`) REFERENCES `prodUnidade` (`idUnidade`) ON DELETE NO ACTION ON UPDATE NO ACTION
) ENGINE=InnoDB AUTO_INCREMENT=2 DEFAULT CHARSET=latin1;
/*!40101 SET character_set_client = @saved_cs_client */;

--
-- Dumping data for table `prodMaquina`
--

LOCK TABLES `prodMaquina` WRITE;
/*!40000 ALTER TABLE `prodMaquina` DISABLE KEYS */;
INSERT INTO `prodMaquina` VALUES (1,'MAQUINA TESTE','CBL-3456',2,2,'Carroceria de Madeira',1,2,NULL,NULL,NULL,NULL,NULL,NULL,NULL,NULL,NULL,NULL,6,1,232344,6,120);
/*!40000 ALTER TABLE `prodMaquina` ENABLE KEYS */;
UNLOCK TABLES;

--
-- Table structure for table `prodMaquinaMudancaStatus`
--

DROP TABLE IF EXISTS `prodMaquinaMudancaStatus`;
/*!40101 SET @saved_cs_client     = @@character_set_client */;
/*!40101 SET character_set_client = utf8 */;
CREATE TABLE `prodMaquinaMudancaStatus` (
  `idMaquinaMudancaStatus` int(11) NOT NULL AUTO_INCREMENT,
  `dtMudanca` datetime DEFAULT NULL,
  `idMaquina` int(11) DEFAULT NULL,
  `idStatusMaquina` int(11) DEFAULT NULL,
  `idUsuario` int(11) DEFAULT NULL,
  `dsObservacao` varchar(255) DEFAULT NULL,
  `idOrigemInformacao` int(11) DEFAULT NULL,
  PRIMARY KEY (`idMaquinaMudancaStatus`),
  KEY `fk_prodMaquinaMudancaStatus_1_idx` (`idMaquina`),
  KEY `fk_prodMaquinaMudancaStatus_2_idx` (`idStatusMaquina`),
  KEY `fk_prodMaquinaMudancaStatus_3_idx` (`idUsuario`),
  KEY `fk_prodMaquinaMudancaStatus_4_idx` (`idOrigemInformacao`),
  CONSTRAINT `fk_prodMaquinaMudancaStatus_1` FOREIGN KEY (`idMaquina`) REFERENCES `prodMaquina` (`idMaquina`) ON DELETE NO ACTION ON UPDATE NO ACTION,
  CONSTRAINT `fk_prodMaquinaMudancaStatus_2` FOREIGN KEY (`idStatusMaquina`) REFERENCES `prodStatusMaquina` (`idStatusMaquina`) ON DELETE NO ACTION ON UPDATE NO ACTION,
  CONSTRAINT `fk_prodMaquinaMudancaStatus_3` FOREIGN KEY (`idUsuario`) REFERENCES `prodUsuarios` (`idUsuario`) ON DELETE NO ACTION ON UPDATE NO ACTION,
  CONSTRAINT `fk_prodMaquinaMudancaStatus_4` FOREIGN KEY (`idOrigemInformacao`) REFERENCES `prodOrigemInformacao` (`idOrigemInformacao`) ON DELETE NO ACTION ON UPDATE NO ACTION
) ENGINE=InnoDB AUTO_INCREMENT=7 DEFAULT CHARSET=latin1;
/*!40101 SET character_set_client = @saved_cs_client */;

--
-- Dumping data for table `prodMaquinaMudancaStatus`
--

LOCK TABLES `prodMaquinaMudancaStatus` WRITE;
/*!40000 ALTER TABLE `prodMaquinaMudancaStatus` DISABLE KEYS */;
INSERT INTO `prodMaquinaMudancaStatus` VALUES (3,'2016-01-30 09:01:05',1,2,1,'TESTE',1),(4,'2016-01-30 09:01:21',1,4,1,'Saiu para manutenção',1),(5,'2016-02-20 10:02:51',1,3,1,'Peça está fora de padrão',1),(6,'2016-02-20 10:02:25',1,6,1,'Normalizado',1);
/*!40000 ALTER TABLE `prodMaquinaMudancaStatus` ENABLE KEYS */;
UNLOCK TABLES;

--
-- Table structure for table `prodMaquinaParada`
--

DROP TABLE IF EXISTS `prodMaquinaParada`;
/*!40101 SET @saved_cs_client     = @@character_set_client */;
/*!40101 SET character_set_client = utf8 */;
CREATE TABLE `prodMaquinaParada` (
  `idMaquinaParada` int(11) NOT NULL AUTO_INCREMENT,
  `dsMaquinaParada` varchar(45) DEFAULT NULL,
  PRIMARY KEY (`idMaquinaParada`)
) ENGINE=InnoDB AUTO_INCREMENT=18 DEFAULT CHARSET=latin1;
/*!40101 SET character_set_client = @saved_cs_client */;

--
-- Dumping data for table `prodMaquinaParada`
--

LOCK TABLES `prodMaquinaParada` WRITE;
/*!40000 ALTER TABLE `prodMaquinaParada` DISABLE KEYS */;
INSERT INTO `prodMaquinaParada` VALUES (16,'Em Manutenção'),(17,'Quebrada');
/*!40000 ALTER TABLE `prodMaquinaParada` ENABLE KEYS */;
UNLOCK TABLES;

--
-- Table structure for table `prodMarca`
--

DROP TABLE IF EXISTS `prodMarca`;
/*!40101 SET @saved_cs_client     = @@character_set_client */;
/*!40101 SET character_set_client = utf8 */;
CREATE TABLE `prodMarca` (
  `idMarca` int(11) NOT NULL AUTO_INCREMENT,
  `dsMarca` varchar(45) DEFAULT NULL,
  PRIMARY KEY (`idMarca`)
) ENGINE=InnoDB AUTO_INCREMENT=3 DEFAULT CHARSET=latin1;
/*!40101 SET character_set_client = @saved_cs_client */;

--
-- Dumping data for table `prodMarca`
--

LOCK TABLES `prodMarca` WRITE;
/*!40000 ALTER TABLE `prodMarca` DISABLE KEYS */;
INSERT INTO `prodMarca` VALUES (1,'Marca qualquer'),(2,'Ford');
/*!40000 ALTER TABLE `prodMarca` ENABLE KEYS */;
UNLOCK TABLES;

--
-- Table structure for table `prodMenu`
--

DROP TABLE IF EXISTS `prodMenu`;
/*!40101 SET @saved_cs_client     = @@character_set_client */;
/*!40101 SET character_set_client = utf8 */;
CREATE TABLE `prodMenu` (
  `idMenu` int(11) NOT NULL AUTO_INCREMENT COMMENT 'Codigo de Menu',
  `url` varchar(100) COLLATE utf8_bin DEFAULT NULL COMMENT 'Caminho no Controller',
  `descricao` varchar(45) COLLATE utf8_bin DEFAULT NULL COMMENT 'Descricao do Menu',
  `status` int(11) DEFAULT '1' COMMENT 'Situacao do Registro (1-Ativo 0-Excluido)',
  `parent_menu` int(11) DEFAULT '0' COMMENT 'Codigo Menus Pais de Itens de Menu',
  `tipo` int(11) DEFAULT '1' COMMENT 'Tipo de Menu (1-Pai 0-Filho)',
  `target` varchar(50) COLLATE utf8_bin DEFAULT NULL COMMENT 'Redirecionamento de Chamada',
  `ordem` tinyint(4) DEFAULT NULL,
  PRIMARY KEY (`idMenu`),
  KEY `idx_1` (`idMenu`,`parent_menu`,`status`)
) ENGINE=InnoDB AUTO_INCREMENT=76 DEFAULT CHARSET=utf8 COLLATE=utf8_bin AVG_ROW_LENGTH=264 COMMENT='Menu do Sistema';
/*!40101 SET character_set_client = @saved_cs_client */;

--
-- Dumping data for table `prodMenu`
--

LOCK TABLES `prodMenu` WRITE;
/*!40000 ALTER TABLE `prodMenu` DISABLE KEYS */;
INSERT INTO `prodMenu` VALUES (1,'#','Administração',1,0,1,NULL,1),(2,'/menu','Menu',1,1,0,NULL,3),(3,'#','Cadastros Básicos',1,0,1,NULL,3),(4,'/statusos','Status da O.S.',1,14,0,NULL,1),(5,'/usuarios','Cadastro de Usuários',1,1,0,NULL,2),(6,'/perfil','Perfil do Usuário',1,1,0,NULL,4),(7,'/motivo','Motivos da O.S.',1,14,0,NULL,1),(8,'/tipousuario','Tipos de Usuários',1,1,0,NULL,1),(9,'/tipofalha','Tipo de Falha',1,14,0,NULL,1),(10,'#','Maquinas',1,0,1,NULL,4),(11,'/pecas','Peças',0,10,0,NULL,3),(12,'/marca','Marca',1,10,0,NULL,1),(13,'/modelo','Modelo',1,10,0,NULL,2),(14,'#','Ordem de Serviço',1,0,1,NULL,9),(15,'/os','Incluir uma O.S.',1,14,0,NULL,3),(16,'/osanalise','Análise da Causa',1,14,0,NULL,4),(17,'/osaprovar','Aprovar O.S.',1,14,0,NULL,5),(18,'/ostarefa','Digitar Tarefas',1,14,0,NULL,6),(19,'/osencerrar','Finalizar uma O.S.',1,14,0,NULL,12),(20,'/maquina','Maquinas',1,10,0,NULL,4),(21,'/tipofornecedor','Tipos de Fornecedores',1,24,0,NULL,1),(22,'/fornecedor','Fornecedores',1,3,0,NULL,6),(23,'/colaborador','Colaboradores',1,3,0,NULL,2),(24,'#','Tabelas Basicas',1,0,1,NULL,2),(25,'/tipomaoobra','Tipo de Mão de Obra',1,24,0,NULL,3),(26,'/grupocusto','Grupo de Custo',1,3,0,NULL,5),(27,'/centrocusto','Centro de Custo',1,3,0,NULL,4),(28,'/empresa','Empresas',1,3,0,NULL,1),(29,'/projeto','Projetos',1,51,0,NULL,6),(30,'/cargo','Tabela de Cargos',1,24,0,NULL,6),(31,'/setor','Tabela de Setores',1,24,0,NULL,7),(32,'/tiposervico','Tipos de Serviços',1,24,0,NULL,8),(33,'/tipomanutencao','Tipo de Manutenção',1,14,0,NULL,1),(34,'/grupo','Grupos de Insumos/Produtos',1,66,0,NULL,1),(35,'/insumo','Insumos / Produtos',1,66,0,NULL,2),(36,'/motivobaixa','Motivo de Baixa',1,10,0,NULL,5),(37,'/tipoocorrencia','Tipos de Ocorrencia',1,24,0,NULL,5),(38,'/statusmaquina','Status de Maquinas',1,10,0,NULL,3),(39,'#','Estoque',1,0,1,NULL,8),(40,'/entradaestoque','Entrada',1,39,0,NULL,5),(41,'/saidaestoque','Saída',1,39,0,NULL,6),(42,'/tipomovimento','Tipo de Movimento',1,39,0,NULL,3),(43,'/listagemestoque','Listagem de Estoque',1,39,0,NULL,9),(44,'/listamovimentoestoque','Listagem da Mov. do Estoque',1,39,0,NULL,8),(45,'/maquinamudanca','Mudança de Status da Maquina',1,10,0,NULL,6),(46,'#','Manutenção Preventiva',1,0,1,NULL,10),(47,'/manutprevagenda','Agenda',1,46,0,NULL,1),(48,'/maquinalistagem','Listagens',1,10,0,NULL,7),(49,'/unidade','Unidades',1,24,0,NULL,13),(50,'/origeminformacao','Origem da Informação',1,24,0,NULL,12),(51,'#','Projetos',1,0,1,NULL,6),(52,'/statusprojeto','Status do Projeto',1,51,0,NULL,5),(53,'/projetomudanca','Mudança de Status do projeto',0,51,0,NULL,9),(54,'/tipocliente','Tipo de Cliente',1,24,0,NULL,2),(55,'/cliente','Cadastro de Clientes',1,3,0,NULL,3),(56,'/pontopedido','Ponto de Pedido',1,39,0,NULL,7),(57,'/pedido/novo_pedido','Pedido de Compra',1,58,0,NULL,1),(58,'#','Compras',1,0,1,NULL,7),(59,'/pedidoaberto','Pedidos em Aberto',1,58,0,NULL,2),(60,'/pedidofechado','Pedidos Finalizados',1,58,0,NULL,3),(61,'/localestoque','Local de Estoque',1,3,0,NULL,7),(62,'/servico','Serviços',1,66,0,NULL,4),(63,'maoobra','Mão de Obra',1,66,0,NULL,3),(64,'/fase','Fases do Projeto',1,51,0,NULL,7),(65,'/conversao','Unidade de Conversao',1,24,0,NULL,14),(66,'#','Insumos',1,0,1,NULL,5),(67,'/servicoprojeto','Serviços do Projeto',1,51,0,NULL,8),(68,'/tipoagenda','Status de Horário da Agenda',1,14,0,NULL,1),(69,'/agendahorario','Agenda de Horários do Colaborador',1,14,0,NULL,2),(70,'/tarefa','Tarefas',1,14,0,NULL,1),(71,'/osmaquinaparada','Maquina Parada',1,14,0,NULL,8),(72,'/maquinaparada','Motivos Maquina Parada',1,14,0,NULL,1),(73,'/osgrupo','Grupo de Manutenção',1,14,0,NULL,1),(74,'/osfinalizadas','O.S. Finalizadas',1,14,0,NULL,13),(75,'/manutprevincluir','Incluir',1,46,0,NULL,1);
/*!40000 ALTER TABLE `prodMenu` ENABLE KEYS */;
UNLOCK TABLES;

--
-- Table structure for table `prodModelo`
--

DROP TABLE IF EXISTS `prodModelo`;
/*!40101 SET @saved_cs_client     = @@character_set_client */;
/*!40101 SET character_set_client = utf8 */;
CREATE TABLE `prodModelo` (
  `idModelo` int(11) NOT NULL AUTO_INCREMENT,
  `dsModelo` varchar(45) DEFAULT NULL,
  PRIMARY KEY (`idModelo`)
) ENGINE=InnoDB AUTO_INCREMENT=3 DEFAULT CHARSET=latin1;
/*!40101 SET character_set_client = @saved_cs_client */;

--
-- Dumping data for table `prodModelo`
--

LOCK TABLES `prodModelo` WRITE;
/*!40000 ALTER TABLE `prodModelo` DISABLE KEYS */;
INSERT INTO `prodModelo` VALUES (1,'Modelo qualquer'),(2,'F350');
/*!40000 ALTER TABLE `prodModelo` ENABLE KEYS */;
UNLOCK TABLES;

--
-- Table structure for table `prodMotivo`
--

DROP TABLE IF EXISTS `prodMotivo`;
/*!40101 SET @saved_cs_client     = @@character_set_client */;
/*!40101 SET character_set_client = utf8 */;
CREATE TABLE `prodMotivo` (
  `idMotivo` int(11) NOT NULL AUTO_INCREMENT,
  `dsMotivo` varchar(45) DEFAULT NULL,
  PRIMARY KEY (`idMotivo`)
) ENGINE=InnoDB AUTO_INCREMENT=16 DEFAULT CHARSET=latin1;
/*!40101 SET character_set_client = @saved_cs_client */;

--
-- Dumping data for table `prodMotivo`
--

LOCK TABLES `prodMotivo` WRITE;
/*!40000 ALTER TABLE `prodMotivo` DISABLE KEYS */;
INSERT INTO `prodMotivo` VALUES (1,'Reposição de Itens da Produção'),(2,'PJ-Melhorias de Infraestrutura Civil'),(3,'Má Utilização'),(4,'Curto Circuito'),(5,'Linha Obstruida'),(6,'PJ-Melhorias de Processo Industrial'),(7,'Manutenção Preventiva'),(8,'Lote de Facas Shredder'),(9,'Desgaste Mecânico'),(10,'Falha no sensor ou Intrumento'),(11,'Excesso de Sujeira'),(12,'Falta de Manutenção Preventiva'),(13,'Item Danificado'),(14,'PJ - Externo'),(15,'Apodrecimento - Umidade / Outros');
/*!40000 ALTER TABLE `prodMotivo` ENABLE KEYS */;
UNLOCK TABLES;

--
-- Table structure for table `prodMotivoBaixa`
--

DROP TABLE IF EXISTS `prodMotivoBaixa`;
/*!40101 SET @saved_cs_client     = @@character_set_client */;
/*!40101 SET character_set_client = utf8 */;
CREATE TABLE `prodMotivoBaixa` (
  `idMotivoBaixa` int(11) NOT NULL AUTO_INCREMENT,
  `dsMotivoBaixa` varchar(45) DEFAULT NULL,
  PRIMARY KEY (`idMotivoBaixa`)
) ENGINE=InnoDB AUTO_INCREMENT=2 DEFAULT CHARSET=latin1;
/*!40101 SET character_set_client = @saved_cs_client */;

--
-- Dumping data for table `prodMotivoBaixa`
--

LOCK TABLES `prodMotivoBaixa` WRITE;
/*!40000 ALTER TABLE `prodMotivoBaixa` DISABLE KEYS */;
INSERT INTO `prodMotivoBaixa` VALUES (1,'quebrada');
/*!40000 ALTER TABLE `prodMotivoBaixa` ENABLE KEYS */;
UNLOCK TABLES;

--
-- Table structure for table `prodMovimento`
--

DROP TABLE IF EXISTS `prodMovimento`;
/*!40101 SET @saved_cs_client     = @@character_set_client */;
/*!40101 SET character_set_client = utf8 */;
CREATE TABLE `prodMovimento` (
  `idMovimento` int(11) NOT NULL AUTO_INCREMENT,
  `dtMovimento` datetime DEFAULT NULL,
  `idTipoMovimento` int(11) DEFAULT NULL,
  `nrNota` varchar(45) DEFAULT NULL,
  `nrPedido` varchar(45) DEFAULT NULL,
  `idFornecedor` int(11) DEFAULT NULL,
  `idUsuario` int(11) DEFAULT NULL,
  `dsObservacao` varchar(255) DEFAULT NULL,
  `idCliente` int(11) DEFAULT NULL,
  PRIMARY KEY (`idMovimento`),
  KEY `fk_prodMovimento_1_idx` (`idTipoMovimento`),
  KEY `fk_prodMovimento_2_idx` (`idFornecedor`),
  KEY `fk_prodMovimento_3_idx` (`idUsuario`),
  KEY `fk_prodMovimento_4_idx` (`idCliente`),
  CONSTRAINT `fk_prodMovimento_1` FOREIGN KEY (`idTipoMovimento`) REFERENCES `prodTipoMovimento` (`idTipoMovimento`) ON DELETE NO ACTION ON UPDATE NO ACTION,
  CONSTRAINT `fk_prodMovimento_2` FOREIGN KEY (`idFornecedor`) REFERENCES `prodFornecedor` (`idFornecedor`) ON DELETE NO ACTION ON UPDATE NO ACTION,
  CONSTRAINT `fk_prodMovimento_3` FOREIGN KEY (`idUsuario`) REFERENCES `prodUsuarios` (`idUsuario`) ON DELETE NO ACTION ON UPDATE NO ACTION,
  CONSTRAINT `fk_prodMovimento_4` FOREIGN KEY (`idCliente`) REFERENCES `prodCliente` (`idCliente`) ON DELETE NO ACTION ON UPDATE NO ACTION
) ENGINE=InnoDB AUTO_INCREMENT=50 DEFAULT CHARSET=latin1;
/*!40101 SET character_set_client = @saved_cs_client */;

--
-- Dumping data for table `prodMovimento`
--

LOCK TABLES `prodMovimento` WRITE;
/*!40000 ALTER TABLE `prodMovimento` DISABLE KEYS */;
INSERT INTO `prodMovimento` VALUES (28,'2016-02-07 00:00:00',1,'45',' 1',1,1,'teste do teste',NULL),(29,'2016-02-07 00:00:00',1,'45',' 1',1,1,'teste do teste',NULL),(30,'2016-02-07 00:00:00',1,'45',' 1',1,1,'teste do teste',NULL),(31,'2016-02-07 00:00:00',1,'45',' 1',1,1,'teste do teste',NULL),(32,'2016-02-07 00:00:00',1,'45',' 1',1,1,'teste do teste',NULL),(33,'2016-02-07 00:00:00',1,'45',' 1',1,1,'teste do teste',NULL),(34,'2016-02-07 00:00:00',1,'45',' 1',1,1,'teste do teste',NULL),(35,'2016-02-07 00:00:00',1,'45',' 1',1,1,'teste do teste',NULL),(36,'2016-02-07 00:00:00',1,'45',' 1',1,1,'teste do teste',NULL),(37,'2016-02-07 00:00:00',1,'45',' 1',1,1,'teste do teste',NULL),(38,'2016-02-07 00:00:00',1,'45',' 1',1,1,'teste do teste',NULL),(39,'2016-02-07 00:00:00',1,NULL,'1 ',1,1,'TESTE',NULL),(40,'2016-02-07 00:00:00',1,'6666',' ',1,1,'TESTE',NULL),(41,'2016-02-07 00:00:00',4,'44',' ',1,1,'TESTE',NULL),(42,'2016-02-07 00:00:00',4,'44','  1',1,1,'TESTE',NULL),(43,'2016-02-07 00:00:00',1,NULL,' 1',1,1,'TESTE',NULL),(44,'2016-02-07 00:00:00',1,NULL,' 55',1,1,'SDFDFSDFSDAFSD',NULL),(45,'2016-02-12 00:00:00',1,'78',' 60',1,1,'TTTTT TT',NULL),(46,'2016-02-14 00:00:00',1,NULL,' 34',1,1,'TESTE LOCAL DE ESTOQUE',NULL),(47,'2016-02-15 00:00:00',1,'34343',' ',1,1,'sfDAASD',NULL),(48,'2016-03-15 00:00:00',1,NULL,' ',1,1,NULL,NULL),(49,'2016-04-29 00:00:00',1,'45553',' ',1,1,'4352432345435',NULL);
/*!40000 ALTER TABLE `prodMovimento` ENABLE KEYS */;
UNLOCK TABLES;

--
-- Table structure for table `prodMovimentoItens`
--

DROP TABLE IF EXISTS `prodMovimentoItens`;
/*!40101 SET @saved_cs_client     = @@character_set_client */;
/*!40101 SET character_set_client = utf8 */;
CREATE TABLE `prodMovimentoItens` (
  `idMovimentoItem` int(11) NOT NULL AUTO_INCREMENT,
  `idMovimento` int(11) DEFAULT NULL,
  `idInsumo` int(11) DEFAULT NULL,
  `qtMovimento` float DEFAULT NULL,
  `vlMovimento` float DEFAULT NULL,
  `dsObservacao` varchar(255) DEFAULT NULL,
  `idTipoMovimento` int(11) DEFAULT NULL,
  `idOS` int(11) DEFAULT NULL,
  `idCentroCusto` int(11) DEFAULT NULL,
  `idMaquina` int(11) DEFAULT NULL,
  `idMotivo` int(11) DEFAULT NULL,
  `idLocalEstoque` int(11) DEFAULT NULL,
  PRIMARY KEY (`idMovimentoItem`),
  KEY `fk_prodMovimentoItens_1_idx` (`idMovimento`),
  KEY `fk_prodMovimentoItens_2_idx` (`idInsumo`),
  KEY `fk_prodMovimentoItens_3_idx` (`idTipoMovimento`),
  KEY `fk_prodMovimentoItens_4_idx` (`idOS`),
  KEY `fk_prodMovimentoItens_5_idx` (`idCentroCusto`),
  KEY `fk_prodMovimentoItens_6_idx` (`idMaquina`),
  KEY `fk_prodMovimentoItens_7_idx` (`idMotivo`),
  KEY `fk_prodMovimentoItens_8_idx` (`idLocalEstoque`),
  CONSTRAINT `fk_prodMovimentoItens_1` FOREIGN KEY (`idMovimento`) REFERENCES `prodMovimento` (`idMovimento`) ON DELETE NO ACTION ON UPDATE NO ACTION,
  CONSTRAINT `fk_prodMovimentoItens_2` FOREIGN KEY (`idInsumo`) REFERENCES `prodInsumo` (`idInsumo`) ON DELETE NO ACTION ON UPDATE NO ACTION,
  CONSTRAINT `fk_prodMovimentoItens_3` FOREIGN KEY (`idTipoMovimento`) REFERENCES `prodTipoMovimento` (`idTipoMovimento`) ON DELETE NO ACTION ON UPDATE NO ACTION,
  CONSTRAINT `fk_prodMovimentoItens_4` FOREIGN KEY (`idOS`) REFERENCES `prodOS` (`idOS`) ON DELETE NO ACTION ON UPDATE NO ACTION,
  CONSTRAINT `fk_prodMovimentoItens_5` FOREIGN KEY (`idCentroCusto`) REFERENCES `prodCentroCusto` (`idCentroCusto`) ON DELETE NO ACTION ON UPDATE NO ACTION,
  CONSTRAINT `fk_prodMovimentoItens_6` FOREIGN KEY (`idMaquina`) REFERENCES `prodMaquina` (`idMaquina`) ON DELETE NO ACTION ON UPDATE NO ACTION,
  CONSTRAINT `fk_prodMovimentoItens_7` FOREIGN KEY (`idMotivo`) REFERENCES `prodMotivo` (`idMotivo`) ON DELETE NO ACTION ON UPDATE NO ACTION,
  CONSTRAINT `fk_prodMovimentoItens_8` FOREIGN KEY (`idLocalEstoque`) REFERENCES `prodLocalEstoque` (`idLocalEstoque`) ON DELETE NO ACTION ON UPDATE NO ACTION
) ENGINE=InnoDB AUTO_INCREMENT=110 DEFAULT CHARSET=latin1;
/*!40101 SET character_set_client = @saved_cs_client */;

--
-- Dumping data for table `prodMovimentoItens`
--

LOCK TABLES `prodMovimentoItens` WRITE;
/*!40000 ALTER TABLE `prodMovimentoItens` DISABLE KEYS */;
INSERT INTO `prodMovimentoItens` VALUES (53,32,1,1,12,'TESTTE',1,NULL,NULL,NULL,NULL,NULL),(54,32,1,1,12,'TESTE',1,NULL,NULL,NULL,NULL,NULL),(55,32,3,30,456,'TESTE',1,NULL,NULL,NULL,NULL,NULL),(56,32,3,30,456,'TESTE',6,NULL,NULL,NULL,NULL,NULL),(57,32,2,30,900,'TESTE',1,NULL,NULL,NULL,NULL,NULL),(58,34,1,1,12,'TESTTE',1,NULL,NULL,NULL,NULL,NULL),(59,34,1,1,12,'TESTE',1,NULL,NULL,NULL,NULL,NULL),(60,34,3,30,456,'TESTE',1,NULL,NULL,NULL,NULL,NULL),(61,34,3,30,456,'TESTE',6,NULL,NULL,NULL,NULL,NULL),(62,34,2,30,900,'TESTE',1,NULL,NULL,NULL,NULL,NULL),(63,35,1,1,12,'TESTTE',1,NULL,NULL,NULL,NULL,NULL),(64,36,1,1,12,'TESTTE',1,NULL,NULL,NULL,NULL,NULL),(65,37,1,1,12,'TESTTE',1,NULL,NULL,NULL,NULL,NULL),(66,37,1,1,12,'TESTE',1,NULL,NULL,NULL,NULL,NULL),(67,37,3,30,456,'TESTE',1,NULL,NULL,NULL,NULL,NULL),(68,37,3,30,456,'TESTE',6,NULL,NULL,NULL,NULL,NULL),(69,37,2,30,900,'TESTE',1,NULL,NULL,NULL,NULL,NULL),(70,38,1,1,12,'TESTTE',1,NULL,NULL,NULL,NULL,NULL),(71,38,1,1,12,'TESTE',1,NULL,NULL,NULL,NULL,NULL),(72,38,3,30,456,'TESTE',1,NULL,NULL,NULL,NULL,NULL),(73,38,3,30,456,'TESTE',6,NULL,NULL,NULL,NULL,NULL),(74,38,2,30,900,'TESTE',1,NULL,NULL,NULL,NULL,NULL),(75,38,2,30,900,'TESTE',6,NULL,NULL,NULL,NULL,NULL),(76,39,1,1,12,'TESTTE',1,NULL,NULL,NULL,NULL,NULL),(77,39,1,1,12,'TESTE',1,NULL,NULL,NULL,NULL,NULL),(78,39,3,30,456,'TESTE',1,NULL,NULL,NULL,NULL,NULL),(79,39,3,30,456,'TESTE',6,NULL,NULL,NULL,NULL,NULL),(80,39,2,30,900,'TESTE',1,NULL,NULL,NULL,NULL,NULL),(81,39,2,30,900,'TESTE',6,NULL,NULL,NULL,NULL,NULL),(82,40,3,1,22,'TESTE',1,NULL,NULL,NULL,NULL,NULL),(83,40,3,1,22,'TESTE',1,NULL,NULL,NULL,NULL,NULL),(84,40,3,1,22,'TESTE',1,NULL,NULL,NULL,NULL,NULL),(85,40,3,1,22,'TESTE',1,NULL,NULL,NULL,NULL,NULL),(86,40,3,1,22,'TESTE',1,NULL,NULL,NULL,NULL,NULL),(87,40,3,1,22,'TESTE',1,NULL,NULL,NULL,NULL,NULL),(88,40,3,12,555,'teste',1,NULL,NULL,NULL,NULL,NULL),(89,40,3,20,400,'teste',1,NULL,NULL,NULL,NULL,NULL),(90,41,1,4,55,'TSTE',4,NULL,NULL,NULL,NULL,NULL),(91,42,1,1,12,'TESTTE',4,NULL,NULL,NULL,NULL,NULL),(92,42,1,1,12,'TESTE',4,NULL,NULL,NULL,NULL,NULL),(93,42,3,30,456,'TESTE',4,NULL,NULL,NULL,NULL,NULL),(94,42,3,30,456,'TESTE',6,NULL,NULL,NULL,NULL,NULL),(95,42,2,30,900,'TESTE',4,NULL,NULL,NULL,NULL,NULL),(96,42,2,30,900,'TESTE',6,NULL,NULL,NULL,NULL,NULL),(97,43,1,1,12,'TESTTE',1,NULL,NULL,NULL,NULL,NULL),(98,43,1,1,12,'TESTE',1,NULL,NULL,NULL,NULL,NULL),(99,43,3,30,456,'TESTE',1,NULL,NULL,NULL,NULL,NULL),(100,43,3,30,456,'TESTE',6,NULL,NULL,NULL,NULL,NULL),(101,43,2,30,900,'TESTE',1,NULL,NULL,NULL,NULL,NULL),(102,43,2,30,900,'TESTE',6,NULL,NULL,NULL,NULL,NULL),(103,44,2,100,1000,'TESET',1,NULL,NULL,NULL,NULL,NULL),(104,45,1,15,1500,'TESTE',1,NULL,NULL,NULL,NULL,NULL),(105,45,3,12,444,'teste',1,NULL,NULL,NULL,NULL,NULL),(106,46,1,10,1000,'TESTE LOCAL ESTOQUE',1,NULL,NULL,NULL,NULL,NULL),(107,46,1,10,1000,'TESTE LOCAL ESTOQUE',1,NULL,NULL,NULL,NULL,NULL),(108,48,7,10,450,'etreterwtre',1,NULL,NULL,NULL,NULL,3),(109,49,7,23,300,'FDSFSAFS',1,NULL,NULL,NULL,NULL,3);
/*!40000 ALTER TABLE `prodMovimentoItens` ENABLE KEYS */;
UNLOCK TABLES;

--
-- Table structure for table `prodOS`
--

DROP TABLE IF EXISTS `prodOS`;
/*!40101 SET @saved_cs_client     = @@character_set_client */;
/*!40101 SET character_set_client = utf8 */;
CREATE TABLE `prodOS` (
  `idOS` int(11) NOT NULL AUTO_INCREMENT,
  `dtOS` datetime DEFAULT NULL,
  `idColaboradorSolicitante` int(11) DEFAULT NULL,
  `idSetor` int(11) DEFAULT NULL COMMENT 'nem sempre o setor para o reparo é o mesmo do solicitante - este é o setor do reparo, o setor do solicitante está no colaborador\n',
  `dsProblema` varchar(45) DEFAULT NULL,
  `idColaboradorResponsavel` int(11) DEFAULT NULL,
  `idStatusOS` int(11) DEFAULT NULL,
  `dtInicio` datetime DEFAULT NULL,
  `dtFim` datetime DEFAULT NULL,
  `idTipoManutencao` int(11) DEFAULT NULL,
  `idFase` int(11) DEFAULT NULL COMMENT 'Sempre deve ter um projeto, mas não é obrigatorio ter uma fase....',
  `stRecomedacao` varchar(1) DEFAULT NULL,
  `idTipoFalha` int(11) DEFAULT NULL,
  `dsAnaliseCausa` varchar(255) DEFAULT NULL,
  `stAprovado` varchar(1) DEFAULT NULL,
  `dtAprovacao` datetime DEFAULT NULL,
  `idUsuarioAprovado` int(11) DEFAULT NULL,
  `idColaboradorAprovado` int(11) DEFAULT NULL,
  `idMotivo` int(11) DEFAULT NULL,
  `stStatus` tinyint(4) DEFAULT '1',
  `nrOS` varchar(10) DEFAULT NULL,
  `idProjeto` int(11) DEFAULT NULL COMMENT 'Sempre deve ter um projeto, mas não é obrigatorio ter uma fase....',
  `idUsuario` int(11) DEFAULT NULL,
  `idSetorSolicitante` int(11) DEFAULT NULL,
  `dsObservacaoTarefa` varchar(255) DEFAULT NULL,
  `idTarefa` int(11) DEFAULT NULL,
  `dtEncerrado` datetime DEFAULT NULL,
  `idUsuarioEncerramento` int(11) DEFAULT NULL,
  `dsRecomendacaoPM` varchar(255) DEFAULT NULL,
  `dsRecomendacaoMP` varchar(255) DEFAULT NULL,
  `dtEncerramento` datetime DEFAULT NULL,
  `idOSGrupo` int(11) DEFAULT NULL,
  `idCentroCusto` int(11) DEFAULT NULL,
  `nrProximaOS` varchar(10) DEFAULT NULL,
  `dtDigitadoEncerramento` datetime DEFAULT NULL,
  PRIMARY KEY (`idOS`),
  KEY `fk_prodOS_1_idx` (`idColaboradorSolicitante`),
  KEY `fk_prodOS_2_idx` (`idColaboradorResponsavel`),
  KEY `fk_prodOS_3_idx` (`idStatusOS`),
  KEY `fk_prodOS_4_idx` (`idTipoManutencao`),
  KEY `fk_prodOS_5_idx` (`idTipoFalha`),
  KEY `fk_prodOS_6_idx` (`idUsuarioAprovado`),
  KEY `fk_prodOS_7_idx` (`idColaboradorAprovado`),
  KEY `fk_prodOS_8_idx` (`idMotivo`),
  KEY `fk_prodOS_9_idx` (`idProjeto`,`idFase`),
  KEY `fk_prodOS_SETOR_idx` (`idSetor`),
  KEY `fk_prodOS_9_idx1` (`idFase`),
  KEY `fk_prodOS_11_idx` (`idTarefa`),
  KEY `fk_prodOS_12_idx` (`idUsuario`),
  KEY `fk_prodOS_13_idx` (`idCentroCusto`),
  KEY `fk_prodOS_14_idx` (`idOSGrupo`),
  CONSTRAINT `fk_prodOS_1` FOREIGN KEY (`idColaboradorSolicitante`) REFERENCES `prodColaborador` (`idColaborador`) ON DELETE NO ACTION ON UPDATE NO ACTION,
  CONSTRAINT `fk_prodOS_10` FOREIGN KEY (`idProjeto`) REFERENCES `prodProjeto` (`idProjeto`) ON DELETE NO ACTION ON UPDATE NO ACTION,
  CONSTRAINT `fk_prodOS_11` FOREIGN KEY (`idTarefa`) REFERENCES `prodTarefa` (`idTarefa`) ON DELETE NO ACTION ON UPDATE NO ACTION,
  CONSTRAINT `fk_prodOS_12` FOREIGN KEY (`idUsuario`) REFERENCES `prodUsuarios` (`idUsuario`) ON DELETE NO ACTION ON UPDATE NO ACTION,
  CONSTRAINT `fk_prodOS_13` FOREIGN KEY (`idCentroCusto`) REFERENCES `prodCentroCusto` (`idCentroCusto`) ON DELETE NO ACTION ON UPDATE NO ACTION,
  CONSTRAINT `fk_prodOS_14` FOREIGN KEY (`idOSGrupo`) REFERENCES `prodOSGrupo` (`idOSGrupo`) ON DELETE NO ACTION ON UPDATE NO ACTION,
  CONSTRAINT `fk_prodOS_2` FOREIGN KEY (`idColaboradorResponsavel`) REFERENCES `prodColaborador` (`idColaborador`) ON DELETE NO ACTION ON UPDATE NO ACTION,
  CONSTRAINT `fk_prodOS_3` FOREIGN KEY (`idStatusOS`) REFERENCES `prodStatusOS` (`idStatusOS`) ON DELETE NO ACTION ON UPDATE NO ACTION,
  CONSTRAINT `fk_prodOS_4` FOREIGN KEY (`idTipoManutencao`) REFERENCES `prodTipoManutencao` (`idTipoManutencao`) ON DELETE NO ACTION ON UPDATE NO ACTION,
  CONSTRAINT `fk_prodOS_5` FOREIGN KEY (`idTipoFalha`) REFERENCES `prodTipoFalha` (`idTipoFalha`) ON DELETE NO ACTION ON UPDATE NO ACTION,
  CONSTRAINT `fk_prodOS_6` FOREIGN KEY (`idUsuarioAprovado`) REFERENCES `prodUsuarios` (`idUsuario`) ON DELETE NO ACTION ON UPDATE NO ACTION,
  CONSTRAINT `fk_prodOS_7` FOREIGN KEY (`idColaboradorAprovado`) REFERENCES `prodColaborador` (`idColaborador`) ON DELETE NO ACTION ON UPDATE NO ACTION,
  CONSTRAINT `fk_prodOS_8` FOREIGN KEY (`idMotivo`) REFERENCES `prodMotivo` (`idMotivo`) ON DELETE NO ACTION ON UPDATE NO ACTION,
  CONSTRAINT `fk_prodOS_9` FOREIGN KEY (`idFase`) REFERENCES `prodProjetoFases` (`idFase`) ON DELETE NO ACTION ON UPDATE NO ACTION,
  CONSTRAINT `fk_prodOS_SETOR` FOREIGN KEY (`idSetor`) REFERENCES `prodSetor` (`idSetor`) ON DELETE NO ACTION ON UPDATE NO ACTION
) ENGINE=InnoDB AUTO_INCREMENT=13 DEFAULT CHARSET=latin1;
/*!40101 SET character_set_client = @saved_cs_client */;

--
-- Dumping data for table `prodOS`
--

LOCK TABLES `prodOS` WRITE;
/*!40000 ALTER TABLE `prodOS` DISABLE KEYS */;
INSERT INTO `prodOS` VALUES (1,'2015-10-10 00:00:00',1,1,' TESTE DE SISTEMA ',1,3,'2016-03-10 00:00:00','2016-03-10 00:00:00',1,1,'s',1,' TESTE ','S','2016-03-12 00:00:00',1,5,1,1,'356',NULL,1,NULL,' zdffasf sadfdsfsdafsdafsda sfsfsdfsfsdfsdafasdf',5,'2016-03-26 10:04:55',1,'   TESTES ',' TESTE    ',NULL,NULL,NULL,'4455','2016-03-26 22:04:57'),(2,'2016-03-25 00:00:00',3,4,'sdfsfsdf fsd fsda fsda f sdf asdf sda fsd fas',1,3,'2016-03-09 00:00:00','2016-03-12 00:00:00',3,NULL,NULL,1,'   CAUSADO ','S','2016-03-12 00:00:00',NULL,5,NULL,1,'357',NULL,1,5,NULL,NULL,'2016-03-26 10:05:05',1,'   dfggfdgdfgfdgfd ','   fdgdfgfdgf  ',NULL,NULL,NULL,'788','2016-03-26 22:05:07'),(3,'2016-03-12 00:00:00',5,3,'    PROBLEMA 1  ',6,7,'2016-03-12 00:00:00','2016-03-15 00:00:00',2,NULL,NULL,1,'   ANALISAO O PROBLEMA E É POSSIVEL SIM RESOLVER ','S','2016-03-12 00:00:00',NULL,6,NULL,2,'358',NULL,1,4,' çççççççççççsfsdfads ffsd fsd f sd fsdfsdfsdafdsfdsf',6,'2016-03-26 09:38:21',1,'  ddsfsdfsdfsdfsdfsdfdfdsfas','  dfdfdasfasdf',NULL,NULL,NULL,'7657','2016-03-26 21:38:29'),(4,'2016-03-12 00:00:00',5,3,'  TESTE',5,5,'2016-03-12 00:00:00','2016-03-15 00:00:00',4,NULL,NULL,1,'  causado','S','2016-03-12 00:00:00',NULL,NULL,NULL,1,'359',NULL,1,1,NULL,NULL,NULL,NULL,NULL,NULL,NULL,NULL,NULL,NULL,NULL),(5,'2016-03-13 00:00:00',5,4,'  TESTE',5,3,'2016-03-13 00:00:00','2016-03-13 00:00:00',1,NULL,NULL,1,'  TESTE NAO FUNCIONOU','S','2016-03-26 00:00:00',NULL,5,7,1,'360',NULL,1,2,' dggdgdsgdfgfd',6,NULL,NULL,NULL,NULL,NULL,NULL,NULL,NULL,NULL),(6,'2016-03-26 00:00:00',5,1,'  TESTE FINAL',5,1,'2016-03-26 00:00:00','2016-03-28 00:00:00',2,NULL,NULL,1,NULL,NULL,NULL,NULL,NULL,NULL,1,'361',NULL,1,1,NULL,NULL,NULL,NULL,NULL,NULL,NULL,NULL,1,NULL,NULL),(7,'2016-03-26 00:00:00',5,1,'  TESTE FINAL',5,7,'2016-03-26 00:00:00','2016-03-28 00:00:00',2,NULL,NULL,1,'  precisa limpar','S','2016-03-26 00:00:00',NULL,5,11,2,'362',NULL,1,1,' Preisou trocar pneu',5,'2016-03-26 11:21:35',1,'  DIA 10','   RECOMENDO FAZER MANUTENCAO DIARIAMENTE',NULL,5,1,'555','2016-03-26 23:22:01'),(8,'2016-03-27 00:00:00',5,2,'   ESTÁ DESLIGANDO SOZINHA ',6,7,'2016-03-27 00:00:00','2016-04-27 00:00:00',2,NULL,NULL,1,'  Fazer limpeza necessária para a eliminação da sujeira','S','2016-03-27 00:00:00',NULL,5,11,2,'363',NULL,1,1,' Tarefa realizada com sucesso',5,'2016-03-27 16:49:44',1,'  TESTSE','   TESTE',NULL,5,2,'667','2016-03-27 19:49:58'),(9,'2016-03-27 00:00:00',6,1,'  nao sei',5,1,'2016-03-27 00:00:00','2016-03-27 00:00:00',1,NULL,NULL,1,NULL,NULL,NULL,NULL,NULL,NULL,1,'364',NULL,1,1,NULL,NULL,NULL,NULL,NULL,NULL,NULL,6,1,NULL,NULL),(10,'2016-03-27 00:00:00',6,1,'  nao sei',5,1,'2016-03-27 00:00:00','2016-03-27 00:00:00',1,NULL,NULL,1,NULL,NULL,NULL,NULL,NULL,NULL,1,'364',NULL,1,1,NULL,NULL,NULL,NULL,NULL,NULL,NULL,6,1,NULL,NULL),(11,'2016-03-27 00:00:00',6,1,'  nao sei',5,7,'2016-03-27 00:00:00','2016-03-27 00:00:00',1,NULL,NULL,1,'  teste','S','2016-03-27 00:00:00',NULL,5,13,2,'364',NULL,1,1,' teste',6,'2016-03-28 07:45:57',1,'    tsetstes      ','       testet        ',NULL,6,1,'44324','2016-03-28 19:45:59'),(12,'2016-04-29 00:00:00',6,2,'    VAZAMENTO DE AGUA  ',5,7,'2016-04-29 00:00:00','2016-04-29 00:00:00',2,NULL,NULL,1,'  ASFDFDFSDFDSAFASDFAD','S','2016-04-29 00:00:00',NULL,5,9,2,'365',NULL,1,2,'FEZ  SERVICO ',7,'2016-04-29 12:40:47',1,'  SFSDAFSDFDSF','   FFSDFSDAFSDFSDAF',NULL,5,1,'22333','2016-04-29 12:41:00');
/*!40000 ALTER TABLE `prodOS` ENABLE KEYS */;
UNLOCK TABLES;

--
-- Table structure for table `prodOSColaboradores`
--

DROP TABLE IF EXISTS `prodOSColaboradores`;
/*!40101 SET @saved_cs_client     = @@character_set_client */;
/*!40101 SET character_set_client = utf8 */;
CREATE TABLE `prodOSColaboradores` (
  `id` int(11) NOT NULL AUTO_INCREMENT,
  `idOS` int(11) DEFAULT NULL,
  `idColaborador` int(11) DEFAULT NULL,
  `dtInicio` datetime DEFAULT NULL,
  `dtFim` datetime DEFAULT NULL,
  PRIMARY KEY (`id`),
  KEY `fk_new_table_1_idx` (`idOS`),
  KEY `fk_new_table_2_idx` (`idColaborador`),
  CONSTRAINT `fk_prodOSColaboradores_1` FOREIGN KEY (`idOS`) REFERENCES `prodOS` (`idOS`) ON DELETE NO ACTION ON UPDATE NO ACTION,
  CONSTRAINT `fk_prodOSColaboradores_2` FOREIGN KEY (`idColaborador`) REFERENCES `prodColaborador` (`idColaborador`) ON DELETE NO ACTION ON UPDATE NO ACTION
) ENGINE=InnoDB AUTO_INCREMENT=11 DEFAULT CHARSET=latin1;
/*!40101 SET character_set_client = @saved_cs_client */;

--
-- Dumping data for table `prodOSColaboradores`
--

LOCK TABLES `prodOSColaboradores` WRITE;
/*!40000 ALTER TABLE `prodOSColaboradores` DISABLE KEYS */;
INSERT INTO `prodOSColaboradores` VALUES (2,1,1,'2016-03-10 00:00:00','2016-03-10 00:00:00'),(4,3,3,'2016-03-12 00:00:00','2016-03-15 00:00:00'),(8,7,3,'2016-03-26 00:00:00','2016-03-28 00:00:00'),(9,8,1,'2016-03-27 00:00:00','2016-04-27 00:00:00'),(10,12,1,'2016-04-29 00:00:00','2016-05-10 00:00:00');
/*!40000 ALTER TABLE `prodOSColaboradores` ENABLE KEYS */;
UNLOCK TABLES;

--
-- Table structure for table `prodOSGrupo`
--

DROP TABLE IF EXISTS `prodOSGrupo`;
/*!40101 SET @saved_cs_client     = @@character_set_client */;
/*!40101 SET character_set_client = utf8 */;
CREATE TABLE `prodOSGrupo` (
  `idOSGrupo` int(11) NOT NULL AUTO_INCREMENT,
  `dsOSGrupo` varchar(45) DEFAULT NULL,
  PRIMARY KEY (`idOSGrupo`)
) ENGINE=InnoDB AUTO_INCREMENT=8 DEFAULT CHARSET=latin1;
/*!40101 SET character_set_client = @saved_cs_client */;

--
-- Dumping data for table `prodOSGrupo`
--

LOCK TABLES `prodOSGrupo` WRITE;
/*!40000 ALTER TABLE `prodOSGrupo` DISABLE KEYS */;
INSERT INTO `prodOSGrupo` VALUES (5,'PREDIAL'),(6,'INDUSTRIAL'),(7,'PRODUÇÃO');
/*!40000 ALTER TABLE `prodOSGrupo` ENABLE KEYS */;
UNLOCK TABLES;

--
-- Table structure for table `prodOSMaquinaParada`
--

DROP TABLE IF EXISTS `prodOSMaquinaParada`;
/*!40101 SET @saved_cs_client     = @@character_set_client */;
/*!40101 SET character_set_client = utf8 */;
CREATE TABLE `prodOSMaquinaParada` (
  `idOSMaquinaParada` int(11) NOT NULL AUTO_INCREMENT,
  `idOS` int(11) DEFAULT NULL,
  `idMaquina` int(11) DEFAULT NULL,
  `dtInicio` datetime DEFAULT NULL,
  `dtFim` datetime DEFAULT NULL,
  `dsObservacao` varchar(255) DEFAULT NULL,
  `idMaquinaParada` int(11) DEFAULT NULL,
  `idUsuarioDigitado` int(11) DEFAULT NULL,
  `dtDigitado` datetime DEFAULT NULL,
  `idOSTarefa` int(11) DEFAULT NULL,
  PRIMARY KEY (`idOSMaquinaParada`),
  KEY `fk_prodOSMaquinaParada_1_idx` (`idMaquina`),
  KEY `fk_prodOSMaquinaParada_2_idx` (`idOS`),
  KEY `fk_prodOSMaquinaParada_3_idx` (`idMaquinaParada`),
  CONSTRAINT `fk_prodOSMaquinaParada_1` FOREIGN KEY (`idMaquina`) REFERENCES `prodMaquina` (`idMaquina`) ON DELETE NO ACTION ON UPDATE NO ACTION,
  CONSTRAINT `fk_prodOSMaquinaParada_2` FOREIGN KEY (`idOS`) REFERENCES `prodOS` (`idOS`) ON DELETE NO ACTION ON UPDATE NO ACTION,
  CONSTRAINT `fk_prodOSMaquinaParada_3` FOREIGN KEY (`idMaquinaParada`) REFERENCES `prodMaquinaParada` (`idMaquinaParada`) ON DELETE NO ACTION ON UPDATE NO ACTION
) ENGINE=InnoDB AUTO_INCREMENT=21 DEFAULT CHARSET=latin1;
/*!40101 SET character_set_client = @saved_cs_client */;

--
-- Dumping data for table `prodOSMaquinaParada`
--

LOCK TABLES `prodOSMaquinaParada` WRITE;
/*!40000 ALTER TABLE `prodOSMaquinaParada` DISABLE KEYS */;
INSERT INTO `prodOSMaquinaParada` VALUES (4,2,1,'2016-03-19 06:29:36','2016-03-19 06:29:36',NULL,17,1,'2016-03-19 18:29:50',NULL),(5,2,1,'2016-03-19 06:37:15','2016-03-19 06:37:15','TESTE',16,1,'2016-03-19 18:37:37',NULL),(12,3,1,'2016-03-23 07:15:55','2016-03-23 07:15:55','bbbb',16,1,'2016-03-23 19:16:08',12),(13,3,1,'2016-03-23 07:15:55','2016-03-23 07:15:55','aaaaaaaa',17,1,'2016-03-23 19:16:27',11),(14,1,1,'2016-03-23 08:29:33','2016-03-23 08:29:33',NULL,17,1,'2016-03-23 20:30:15',11),(15,1,1,'2016-03-23 08:36:05','2016-03-23 08:36:05','bbbbbbbbbbbbbb',16,1,'2016-03-23 20:36:33',28),(16,7,1,'2016-03-26 11:20:20','2016-03-26 11:20:20','TESTE',16,1,'2016-03-26 23:21:09',31),(17,8,1,'2016-03-27 07:39:29','2016-03-27 07:39:29','TESET',16,1,'2016-03-27 19:40:48',32),(18,11,1,'2016-03-27 08:05:43','2016-03-27 08:05:43','teste',16,1,'2016-03-27 20:07:00',33),(19,12,1,'2016-04-29 12:37:38','2016-04-29 12:37:38','ASDASASDASDSA',16,1,'2016-04-29 12:39:29',36),(20,12,1,'2016-04-29 12:40:22','2016-04-29 12:40:22','AFFDASDFDSFDS',16,1,'2016-04-29 12:40:33',36);
/*!40000 ALTER TABLE `prodOSMaquinaParada` ENABLE KEYS */;
UNLOCK TABLES;

--
-- Table structure for table `prodOSMudancaStatus`
--

DROP TABLE IF EXISTS `prodOSMudancaStatus`;
/*!40101 SET @saved_cs_client     = @@character_set_client */;
/*!40101 SET character_set_client = utf8 */;
CREATE TABLE `prodOSMudancaStatus` (
  `idOSMudancaStatus` int(11) NOT NULL AUTO_INCREMENT,
  `dtMudanca` datetime DEFAULT NULL,
  `idOS` int(11) DEFAULT NULL,
  `idStatusOS` int(11) DEFAULT NULL,
  `idUsuario` int(11) DEFAULT NULL,
  `dsObservacao` varchar(255) DEFAULT NULL,
  `idOrigemInformacao` int(11) DEFAULT NULL,
  PRIMARY KEY (`idOSMudancaStatus`),
  KEY `fk_prodOSMudancaStatus_1_idx` (`idOS`),
  KEY `fk_prodOSMudancaStatus_2_idx` (`idStatusOS`),
  KEY `fk_prodOSMudancaStatus_3_idx` (`idUsuario`),
  KEY `fk_prodOSMudancaStatus_4_idx` (`idOrigemInformacao`),
  CONSTRAINT `fk_prodMOSMudancaStatus_4` FOREIGN KEY (`idOrigemInformacao`) REFERENCES `prodOrigemInformacao` (`idOrigemInformacao`) ON DELETE NO ACTION ON UPDATE NO ACTION,
  CONSTRAINT `fk_prodOSMudancaStatus_1` FOREIGN KEY (`idOS`) REFERENCES `prodOS` (`idOS`) ON DELETE NO ACTION ON UPDATE NO ACTION,
  CONSTRAINT `fk_prodOSMudancaStatus_2` FOREIGN KEY (`idStatusOS`) REFERENCES `prodStatusOS` (`idStatusOS`) ON DELETE NO ACTION ON UPDATE NO ACTION,
  CONSTRAINT `fk_prodOSMudancaStatus_3` FOREIGN KEY (`idUsuario`) REFERENCES `prodUsuarios` (`idUsuario`) ON DELETE NO ACTION ON UPDATE NO ACTION
) ENGINE=InnoDB AUTO_INCREMENT=65 DEFAULT CHARSET=latin1;
/*!40101 SET character_set_client = @saved_cs_client */;

--
-- Dumping data for table `prodOSMudancaStatus`
--

LOCK TABLES `prodOSMudancaStatus` WRITE;
/*!40000 ALTER TABLE `prodOSMudancaStatus` DISABLE KEYS */;
INSERT INTO `prodOSMudancaStatus` VALUES (1,'2016-03-11 05:03:40',1,3,1,'Digitação da Analise/Causa',1),(2,'2016-03-12 09:03:58',NULL,1,1,'Digitação da O.S.',1),(3,'2016-03-12 09:03:09',3,3,1,'Digitação da Analise/Causa',1),(4,'2016-03-12 10:03:06',3,3,1,'Digitação da Analise/Causa',1),(5,'2016-03-12 10:03:56',2,3,1,'Digitação da Analise/Causa',1),(6,'2016-03-12 10:03:56',2,8,1,'O.S. Aprovada',1),(7,'2016-03-12 10:03:53',2,3,1,'Digitação da Analise/Causa',1),(8,'2016-03-12 10:03:53',2,8,1,'O.S. Aprovada',1),(9,'2016-03-12 10:03:23',2,3,1,'Digitação da Analise/Causa',1),(10,'2016-03-12 10:03:23',2,8,1,'O.S. Aprovada',1),(11,'2016-03-12 10:03:18',NULL,1,1,'Digitação da O.S.',1),(12,'2016-03-12 10:03:03',4,NULL,1,'Digitação da Analise/Causa',1),(13,'2016-03-12 10:03:44',4,NULL,1,'Digitação da Analise/Causa',1),(14,'2016-03-12 11:03:15',4,8,1,'O.S. Aprovada',1),(15,'2016-03-12 11:03:45',1,NULL,1,'Digitação da Analise/Causa',1),(16,'2016-03-12 11:03:46',1,8,1,'O.S. Aprovada',1),(17,'2016-03-12 11:03:46',1,3,1,'Em andamento',1),(18,'2016-03-12 11:03:00',2,4,1,'Digitação da Analise/Causa',1),(19,'2016-03-12 11:03:15',2,NULL,1,'Digitação da Analise/Causa',1),(20,'2016-03-12 11:03:15',2,8,1,'O.S. Aprovada',1),(21,'2016-03-12 11:03:15',2,3,1,'Em andamento',1),(22,'2016-03-12 11:03:23',3,NULL,1,'Digitação da Analise/Causa',1),(23,'2016-03-12 11:03:23',3,8,1,'O.S. Aprovada',1),(24,'2016-03-12 11:03:23',3,3,1,'Em andamento',1),(25,'2016-03-12 11:03:31',4,5,1,'Digitação da Analise/Causa',1),(26,'2016-03-12 11:03:03',4,5,1,'Digitação da Analise/Causa',1),(27,'2016-03-12 11:03:27',4,5,1,'Digitação da Analise/Causa',1),(28,'2016-03-12 11:03:27',4,5,1,'Digitação da Analise/Causa',1),(29,'2016-03-13 01:03:01',NULL,1,1,'Digitação da O.S.',1),(30,'2016-03-26 09:03:14',1,7,1,'Finalizada',1),(31,'2016-03-26 09:03:22',1,7,1,'Finalizada',1),(32,'2016-03-26 09:03:52',2,7,1,'Finalizada',1),(33,'2016-03-26 09:03:30',3,7,1,'Finalizada',1),(34,'2016-03-26 10:03:57',1,3,1,'Em andamento',1),(35,'2016-03-26 10:03:07',2,3,1,'Em andamento',1),(36,'2016-03-26 11:03:45',NULL,1,1,'Digitação da O.S.',1),(37,'2016-03-26 11:03:45',NULL,1,1,'Digitação da O.S.',1),(38,'2016-03-26 11:03:53',5,8,1,'Digitação da Analise/Causa',1),(39,'2016-03-26 11:03:53',5,8,1,'O.S. Aprovada',1),(40,'2016-03-26 11:03:53',5,3,1,'Em andamento',1),(41,'2016-03-26 11:03:07',7,8,1,'Digitação da Analise/Causa',1),(42,'2016-03-26 11:03:07',7,8,1,'O.S. Aprovada',1),(43,'2016-03-26 11:03:07',7,3,1,'Em andamento',1),(44,'2016-03-26 11:03:01',7,7,1,'Finalizada',1),(45,'2016-03-27 07:03:13',NULL,1,1,'Digitação da O.S.',1),(46,'2016-03-27 07:03:52',8,NULL,1,'Digitação da Analise/Causa',1),(47,'2016-03-27 07:03:52',8,8,1,'O.S. Aprovada',1),(48,'2016-03-27 07:03:46',8,3,1,'Em andamento',1),(49,'2016-03-27 07:03:58',8,7,1,'Finalizada',1),(50,'2016-03-27 08:03:04',11,1,1,'Digitação da Ordem de Serviço',1),(51,'2016-03-27 08:03:33',11,1,1,'Digitação da Analise/Causa',1),(52,'2016-03-27 08:03:33',11,8,1,'O.S. Aprovada',1),(53,'2016-03-27 08:03:03',11,3,1,'Em andamento',1),(54,'2016-03-27 08:03:15',11,7,1,'Finalizada',1),(55,'2016-03-28 07:03:26',11,3,1,'Em andamento',1),(56,'2016-03-28 07:44:41',11,7,1,'Finalizada',1),(57,'2016-03-28 07:03:48',11,3,1,'Re-Aberta',1),(58,'2016-03-28 07:45:57',11,7,1,'Finalizada',1),(59,'2016-04-29 00:00:00',12,1,1,'Digitação da Ordem de Serviço',1),(60,'2016-04-29 12:04:32',12,5,1,'Digitação da Analise/Causa',1),(61,'2016-04-29 12:04:14',12,1,1,'Digitação da Analise/Causa',1),(62,'2016-04-29 12:04:14',12,8,1,'O.S. Aprovada',1),(63,'2016-04-29 12:04:12',12,3,1,'Em andamento',1),(64,'2016-04-29 12:40:47',12,7,1,'Finalizada',1);
/*!40000 ALTER TABLE `prodOSMudancaStatus` ENABLE KEYS */;
UNLOCK TABLES;

--
-- Table structure for table `prodOSTarefa`
--

DROP TABLE IF EXISTS `prodOSTarefa`;
/*!40101 SET @saved_cs_client     = @@character_set_client */;
/*!40101 SET character_set_client = utf8 */;
CREATE TABLE `prodOSTarefa` (
  `idOSTarefa` int(11) NOT NULL AUTO_INCREMENT,
  `idOS` int(11) DEFAULT NULL,
  `idTarefa` int(11) DEFAULT NULL,
  `dsObservacaoTarefa` varchar(255) DEFAULT NULL,
  `dtInicio` datetime DEFAULT NULL,
  `dtFim` datetime DEFAULT NULL,
  `idUsuarioDigitado` int(11) DEFAULT NULL,
  `dtDigitado` datetime DEFAULT NULL,
  PRIMARY KEY (`idOSTarefa`)
) ENGINE=InnoDB AUTO_INCREMENT=37 DEFAULT CHARSET=latin1;
/*!40101 SET character_set_client = @saved_cs_client */;

--
-- Dumping data for table `prodOSTarefa`
--

LOCK TABLES `prodOSTarefa` WRITE;
/*!40000 ALTER TABLE `prodOSTarefa` DISABLE KEYS */;
INSERT INTO `prodOSTarefa` VALUES (2,3,5,' FUROU','2016-03-15 03:35:07','2016-03-15 03:35:07',1,'2016-03-15 03:35:19'),(3,3,6,' Acabou o oleo','2016-03-15 03:49:56','2016-03-15 03:49:56',1,'2016-03-15 03:50:07'),(4,3,6,' Acabou o oleo','2016-03-15 03:49:56','2016-03-15 03:49:56',1,'2016-03-15 03:50:18'),(5,3,6,' Acabou o oleo','2016-03-15 03:49:56','2016-03-15 03:49:56',1,'2016-03-15 03:51:04'),(6,3,5,' sdafdfdsfsfdsfsdfs','2016-03-15 03:51:12','2016-03-15 03:51:12',1,'2016-03-15 03:51:26'),(7,3,5,' asdSDDSADSAD','2016-03-15 03:52:45','2016-03-15 03:52:45',1,'2016-03-15 03:53:01'),(8,3,5,' DDASDSADSADASDASD','2016-03-15 03:55:34','2016-03-15 03:55:34',1,'2016-03-15 03:55:41'),(9,3,5,' sFDddsa','2016-03-15 03:56:55','2016-03-15 03:56:55',1,'2016-03-15 03:57:00'),(10,3,5,' ddasdadaD','2016-03-15 03:58:54','2016-03-15 03:58:54',1,'2016-03-15 03:59:03'),(11,3,5,' dsaasdadadsa','2016-03-15 03:03:33','2016-03-15 03:03:33',1,'2016-03-15 03:03:45'),(12,3,5,' dsaasdadadsa','2016-03-15 03:03:33','2016-03-15 03:03:33',1,'2016-03-15 03:03:56'),(13,3,5,' sdffsfsdfsdffsfsd sdafsdfdsaf dsfsdfsdf safsdafsdaf ','2016-03-15 03:29:49','2016-03-15 03:29:49',1,'2016-03-15 03:30:35'),(14,3,6,' fzdvfxcvxvxcvcxvcx','2016-03-15 03:35:10','2016-03-15 03:35:10',1,'2016-03-15 03:35:24'),(15,3,5,'TESTE ','2016-03-15 03:41:09','2016-03-15 03:41:09',1,'2016-03-15 03:41:26'),(16,3,6,' sffdsfdass asdfsdfsdfsd dsfdsafsadf sdafsdafsdfsdaf sfsdfsdfsadfsdaf sdafsfsdfdsfsd','2016-03-15 03:44:17','2016-03-15 03:44:17',1,'2016-03-15 03:44:40'),(17,3,5,' sfafsdffsF','2016-03-15 03:48:40','2016-03-15 03:48:40',1,'2016-03-15 03:52:24'),(18,3,6,'  aa a a a aa a a aa aa aa','2016-03-15 03:05:36','2016-03-15 03:05:36',1,'2016-03-15 03:05:54'),(19,3,5,' dvvxvvxcvxczvxczvxcvxcxz  xv xc vcx vxc vxc vxc vxc vxvxzcvxc','2016-03-15 03:06:31','2016-03-15 03:06:31',1,'2016-03-15 03:06:48'),(20,3,5,' DGDFGDFGFDGFDGFD','2016-03-15 03:13:17','2016-03-15 03:13:17',1,'2016-03-15 03:13:29'),(21,3,5,' DGDFGDFGFDGFDGFD','2016-03-15 03:13:17','2016-03-15 03:13:17',1,'2016-03-15 03:13:35'),(22,3,5,' DGDFGDFGFDGFDGFD','2016-03-15 03:13:17','2016-03-15 03:13:17',1,'2016-03-15 03:13:38'),(23,3,5,' SA\\SDSADADADSDD','2016-03-15 03:14:49','2016-03-15 03:14:49',1,'2016-03-15 03:14:55'),(24,3,5,' afdfadsfds f sdf sd f sd fsd f sd f sd fs daf sdfsdfs dfsdfsdafdsfasdf','2016-03-15 03:19:54','2016-03-15 03:19:54',1,'2016-03-15 03:20:05'),(25,3,6,' çççççççççççsfsdfads ffsd fsd f sd fsdfsdfsdafdsfdsf','2016-03-15 03:22:38','2016-03-15 03:22:38',1,'2016-03-15 03:22:57'),(27,1,6,' TESTE','2016-03-15 03:29:30','2016-03-15 03:29:30',1,'2016-03-15 03:29:56'),(28,1,5,' sdfsfqdsfsafdsfsafads','2016-03-15 03:50:39','2016-03-15 03:50:39',1,'2016-03-15 03:50:47'),(29,1,5,' TESTE','2016-03-23 06:16:00','2016-03-23 06:16:00',1,'2016-03-23 18:16:22'),(30,1,5,' zdffasf sadfdsfsdafsdafsda sfsfsdfsfsdfsdafasdf','2016-03-23 06:21:37','2016-03-23 06:21:37',1,'2016-03-23 18:21:57'),(31,7,5,' Preisou trocar pneu','2016-03-26 11:20:20','2016-03-26 11:20:20',1,'2016-03-26 23:20:35'),(32,8,5,' Tarefa realizada com sucesso','2016-03-27 07:39:29','2016-03-27 12:39:29',1,'2016-03-27 19:39:54'),(33,11,6,' teste','2016-03-27 08:05:43','2016-03-27 09:05:43',1,'2016-03-27 20:06:15'),(34,5,5,' dafsdffads','2016-03-27 08:13:46','2016-03-27 08:13:46',1,'2016-03-27 20:14:02'),(35,5,6,' dggdgdsgdfgfd','2016-03-27 08:14:33','2016-03-27 08:14:33',1,'2016-03-27 20:14:50'),(36,12,7,'FEZ  SERVICO ','2016-04-29 12:37:38','2016-04-30 12:37:38',1,'2016-04-29 12:38:17');
/*!40000 ALTER TABLE `prodOSTarefa` ENABLE KEYS */;
UNLOCK TABLES;

--
-- Table structure for table `prodOSTarefaInsumo`
--

DROP TABLE IF EXISTS `prodOSTarefaInsumo`;
/*!40101 SET @saved_cs_client     = @@character_set_client */;
/*!40101 SET character_set_client = utf8 */;
CREATE TABLE `prodOSTarefaInsumo` (
  `idOSTarefaInsumo` int(11) NOT NULL AUTO_INCREMENT,
  `idOSTarefa` int(11) DEFAULT NULL,
  `idInsumo` int(11) DEFAULT NULL,
  `qtInsumo` float DEFAULT NULL,
  `vlUnitario` float DEFAULT NULL,
  `vlTotal` float DEFAULT NULL,
  `dsObservacao` varchar(255) DEFAULT NULL,
  PRIMARY KEY (`idOSTarefaInsumo`),
  KEY `fk_prodOSTarefaInsumo_1_idx` (`idInsumo`),
  KEY `fk_prodOSTarefaInsumo_2_idx` (`idOSTarefa`),
  CONSTRAINT `fk_prodOSTarefaInsumo_1` FOREIGN KEY (`idInsumo`) REFERENCES `prodInsumo` (`idInsumo`) ON DELETE NO ACTION ON UPDATE NO ACTION,
  CONSTRAINT `fk_prodOSTarefaInsumo_2` FOREIGN KEY (`idOSTarefa`) REFERENCES `prodOSTarefa` (`idOSTarefa`) ON DELETE NO ACTION ON UPDATE NO ACTION
) ENGINE=InnoDB AUTO_INCREMENT=18 DEFAULT CHARSET=latin1;
/*!40101 SET character_set_client = @saved_cs_client */;

--
-- Dumping data for table `prodOSTarefaInsumo`
--

LOCK TABLES `prodOSTarefaInsumo` WRITE;
/*!40000 ALTER TABLE `prodOSTarefaInsumo` DISABLE KEYS */;
INSERT INTO `prodOSTarefaInsumo` VALUES (1,19,1,10,NULL,0,'teste'),(2,22,1,1,NULL,0,'TESET'),(3,22,4,34343,NULL,0,'SDFDSFDSFSDFSD'),(4,23,1,12,NULL,0,'TESTE'),(5,24,2,3,NULL,NULL,'tttetaetett'),(6,24,1,3,NULL,NULL,'tttetaetett'),(7,25,1,1,NULL,NULL,'222'),(10,27,8,11,NULL,NULL,'TESTE'),(11,28,3,12,NULL,NULL,'sdfsdfdsfds'),(12,30,3,1,NULL,NULL,'ddasdSD'),(13,11,1,2,NULL,NULL,'TESTE'),(14,31,1,1,NULL,NULL,'TESTE'),(15,32,1,1,NULL,NULL,'TESTE'),(16,33,1,1,NULL,NULL,'teste'),(17,36,2,1,NULL,NULL,'SDFDSAFDSAFDSAF');
/*!40000 ALTER TABLE `prodOSTarefaInsumo` ENABLE KEYS */;
UNLOCK TABLES;

--
-- Table structure for table `prodOSTarefaMaoObra`
--

DROP TABLE IF EXISTS `prodOSTarefaMaoObra`;
/*!40101 SET @saved_cs_client     = @@character_set_client */;
/*!40101 SET character_set_client = utf8 */;
CREATE TABLE `prodOSTarefaMaoObra` (
  `idOSTarefaMaoObra` int(11) NOT NULL AUTO_INCREMENT,
  `idOSTarefa` int(11) DEFAULT NULL,
  `idMaoObra` int(11) DEFAULT NULL,
  `dtInicio` datetime DEFAULT NULL,
  `dtFim` datetime DEFAULT NULL,
  `dsObservacao` varchar(255) DEFAULT NULL,
  PRIMARY KEY (`idOSTarefaMaoObra`),
  KEY `fk_prodOSTarefaMaoObra_1_idx` (`idMaoObra`),
  KEY `fk_prodOSTarefaMaoObra_2_idx` (`idOSTarefa`),
  CONSTRAINT `fk_prodOSTarefaMaoObra_1` FOREIGN KEY (`idMaoObra`) REFERENCES `prodMaoObra` (`idMaoObra`) ON DELETE NO ACTION ON UPDATE NO ACTION,
  CONSTRAINT `fk_prodOSTarefaMaoObra_2` FOREIGN KEY (`idOSTarefa`) REFERENCES `prodOSTarefa` (`idOSTarefa`) ON DELETE NO ACTION ON UPDATE NO ACTION
) ENGINE=InnoDB AUTO_INCREMENT=19 DEFAULT CHARSET=latin1;
/*!40101 SET character_set_client = @saved_cs_client */;

--
-- Dumping data for table `prodOSTarefaMaoObra`
--

LOCK TABLES `prodOSTarefaMaoObra` WRITE;
/*!40000 ALTER TABLE `prodOSTarefaMaoObra` DISABLE KEYS */;
INSERT INTO `prodOSTarefaMaoObra` VALUES (1,17,1,'2016-03-15 03:48:40','2016-03-15 03:48:40','daddadda'),(2,17,1,'2016-03-15 03:48:40','2016-03-15 03:48:40','daddadda'),(3,18,2,'2016-03-15 03:05:36','2016-03-15 03:05:36','TESTE'),(4,19,2,'2016-03-15 03:06:31','2016-03-15 03:06:31','zgdgdfgfdg'),(5,19,3,'2016-03-15 03:06:31','2016-03-15 03:06:31','dvdfgdfgfdgfdgfd'),(6,19,NULL,'2016-03-15 06:07:16','2016-03-15 06:07:16',NULL),(7,19,NULL,'2016-03-15 06:07:22','2016-03-15 06:07:22',NULL),(8,24,1,'2016-03-15 03:19:54','2016-03-15 03:19:54','dfaffsdfas'),(9,24,3,'2016-03-15 03:19:54','2016-03-15 03:19:54','zggdfgfdg'),(11,27,1,'2016-03-15 03:29:30','2016-03-15 03:29:30','ETSETS'),(12,28,2,'2016-03-15 03:50:39','2016-03-15 03:50:39','erqrwrwerew'),(13,30,3,'2016-03-23 06:21:37','2016-03-23 06:21:37','23444234'),(14,11,3,'2016-03-23 08:40:09','2016-03-23 08:40:09','TESTE'),(15,31,3,'2016-03-26 11:20:20','2016-03-26 11:20:20','TESTE'),(16,32,3,'2016-03-27 07:39:29','2016-03-27 09:39:29','TESTE'),(17,33,1,'2016-03-27 08:05:43','2016-03-27 08:05:43','teste'),(18,36,2,'2016-04-29 12:37:38','2016-04-29 12:37:38','SFFSDFSAFASDF');
/*!40000 ALTER TABLE `prodOSTarefaMaoObra` ENABLE KEYS */;
UNLOCK TABLES;

--
-- Table structure for table `prodOSTarefaMaquina`
--

DROP TABLE IF EXISTS `prodOSTarefaMaquina`;
/*!40101 SET @saved_cs_client     = @@character_set_client */;
/*!40101 SET character_set_client = utf8 */;
CREATE TABLE `prodOSTarefaMaquina` (
  `idOSTarefaMaquina` int(11) NOT NULL AUTO_INCREMENT,
  `idOSTarefa` int(11) DEFAULT NULL,
  `idMaquina` int(11) DEFAULT NULL,
  `qtMaquina` float DEFAULT NULL,
  `vlUnitario` float DEFAULT NULL,
  `vlTotal` float DEFAULT NULL,
  `dsObservacao` varchar(255) DEFAULT NULL,
  `qtHoras` float DEFAULT NULL,
  PRIMARY KEY (`idOSTarefaMaquina`),
  KEY `fk_prodOSTarefaMaquina_1_idx` (`idMaquina`),
  KEY `fk_prodOSTarefaMaquina_2_idx` (`idOSTarefa`),
  CONSTRAINT `fk_prodOSTarefaMaquina_1` FOREIGN KEY (`idMaquina`) REFERENCES `prodMaquina` (`idMaquina`) ON DELETE NO ACTION ON UPDATE NO ACTION,
  CONSTRAINT `fk_prodOSTarefaMaquina_2` FOREIGN KEY (`idOSTarefa`) REFERENCES `prodOSTarefa` (`idOSTarefa`) ON DELETE NO ACTION ON UPDATE NO ACTION
) ENGINE=InnoDB AUTO_INCREMENT=8 DEFAULT CHARSET=latin1;
/*!40101 SET character_set_client = @saved_cs_client */;

--
-- Dumping data for table `prodOSTarefaMaquina`
--

LOCK TABLES `prodOSTarefaMaquina` WRITE;
/*!40000 ALTER TABLE `prodOSTarefaMaquina` DISABLE KEYS */;
INSERT INTO `prodOSTarefaMaquina` VALUES (1,30,1,NULL,NULL,NULL,'FASDFDSFSFS',1),(2,29,1,NULL,NULL,NULL,'fdsfasffsd',4),(3,11,1,NULL,NULL,NULL,'TESTE',1),(4,31,1,NULL,NULL,NULL,'TESTE',1),(5,32,1,NULL,NULL,NULL,'TESTE',1),(6,33,1,NULL,NULL,NULL,'teste',1),(7,36,1,NULL,NULL,NULL,'DFFSFSADFD',1);
/*!40000 ALTER TABLE `prodOSTarefaMaquina` ENABLE KEYS */;
UNLOCK TABLES;

--
-- Table structure for table `prodOSUsuario`
--

DROP TABLE IF EXISTS `prodOSUsuario`;
/*!40101 SET @saved_cs_client     = @@character_set_client */;
/*!40101 SET character_set_client = utf8 */;
CREATE TABLE `prodOSUsuario` (
  `idOS` int(11) NOT NULL,
  `idUsuario` int(11) NOT NULL,
  `stStatus` tinyint(4) DEFAULT NULL COMMENT '1 - ativo, <> - inativo',
  `idTipoUsuario` int(11) DEFAULT '1',
  PRIMARY KEY (`idOS`,`idUsuario`),
  KEY `fk_prodOSUsuario_1_idx` (`idTipoUsuario`),
  CONSTRAINT `fk_prodOSUsuario_1` FOREIGN KEY (`idTipoUsuario`) REFERENCES `prodTipoUsuario` (`idTipoUsuario`) ON DELETE NO ACTION ON UPDATE NO ACTION
) ENGINE=InnoDB DEFAULT CHARSET=latin1;
/*!40101 SET character_set_client = @saved_cs_client */;

--
-- Dumping data for table `prodOSUsuario`
--

LOCK TABLES `prodOSUsuario` WRITE;
/*!40000 ALTER TABLE `prodOSUsuario` DISABLE KEYS */;
/*!40000 ALTER TABLE `prodOSUsuario` ENABLE KEYS */;
UNLOCK TABLES;

--
-- Table structure for table `prodOcorrencias`
--

DROP TABLE IF EXISTS `prodOcorrencias`;
/*!40101 SET @saved_cs_client     = @@character_set_client */;
/*!40101 SET character_set_client = utf8 */;
CREATE TABLE `prodOcorrencias` (
  `idOcorrencia` int(11) NOT NULL AUTO_INCREMENT,
  `dsOcorrencia` varchar(45) DEFAULT NULL,
  `idOS` int(11) DEFAULT NULL,
  `dtOcorrencia` datetime DEFAULT NULL,
  `idTipoOcorrencia` int(11) DEFAULT NULL,
  `dtInicio` datetime DEFAULT NULL,
  `dtFim` datetime DEFAULT NULL,
  `idMotivo` int(11) DEFAULT NULL,
  `stStatus` tinyint(4) DEFAULT '1',
  `nrDocumento` varchar(10) DEFAULT NULL,
  `idOrigemInformacao` int(11) DEFAULT NULL,
  PRIMARY KEY (`idOcorrencia`),
  KEY `fk_prodOcorrencias_1_idx` (`idOS`),
  KEY `fk_prodOcorrencias_2_idx` (`idTipoOcorrencia`),
  KEY `fk_prodOcorrencias_3_idx` (`idMotivo`),
  KEY `fk_prodOcorrencias_4_idx` (`idOrigemInformacao`),
  CONSTRAINT `fk_prodOcorrencias_1` FOREIGN KEY (`idOS`) REFERENCES `prodOS` (`idOS`) ON DELETE NO ACTION ON UPDATE NO ACTION,
  CONSTRAINT `fk_prodOcorrencias_2` FOREIGN KEY (`idTipoOcorrencia`) REFERENCES `prodTipoOcorrencia` (`idTipoOcorrencia`) ON DELETE NO ACTION ON UPDATE NO ACTION,
  CONSTRAINT `fk_prodOcorrencias_3` FOREIGN KEY (`idMotivo`) REFERENCES `prodMotivo` (`idMotivo`) ON DELETE NO ACTION ON UPDATE NO ACTION,
  CONSTRAINT `fk_prodOcorrencias_4` FOREIGN KEY (`idOrigemInformacao`) REFERENCES `prodOrigemInformacao` (`idOrigemInformacao`) ON DELETE NO ACTION ON UPDATE NO ACTION
) ENGINE=InnoDB AUTO_INCREMENT=30 DEFAULT CHARSET=latin1;
/*!40101 SET character_set_client = @saved_cs_client */;

--
-- Dumping data for table `prodOcorrencias`
--

LOCK TABLES `prodOcorrencias` WRITE;
/*!40000 ALTER TABLE `prodOcorrencias` DISABLE KEYS */;
INSERT INTO `prodOcorrencias` VALUES (9,'Compra de 3 para uso ',1,'2016-02-01 06:02:09',3,'2016-02-01 06:02:09','2016-02-01 06:02:09',1,1,'555',2),(10,'Compra de 12 para uso ',1,'2016-02-01 07:02:38',4,'2016-02-01 07:02:38','2016-02-01 07:02:38',NULL,1,'3451',3),(11,'Compra de 10 para uso ',1,'2016-02-02 04:02:54',3,'2016-02-02 04:02:54','2016-02-02 04:02:54',1,1,'44',2),(12,'Compra de 54 para uso ',1,'2016-02-02 04:02:38',3,'2016-02-02 04:02:38','2016-02-02 04:02:38',NULL,1,'4334',2),(13,'Compra de 5 para uso ',1,'2016-02-02 04:02:07',3,'2016-02-02 04:02:07','2016-02-02 04:02:07',NULL,1,'4334',2),(14,'Compra de 3 para uso ',1,'2016-02-03 08:02:20',5,'2016-02-03 08:02:20','2016-02-03 08:02:20',1,1,'666',5),(15,'Compra de 10 para uso ',1,'2016-02-03 08:02:13',6,'2016-02-03 08:02:13','2016-02-03 08:02:13',NULL,1,'56',6),(16,'Compra de 12 para uso ',1,'2016-02-03 08:02:49',6,'2016-02-03 08:02:49','2016-02-03 08:02:49',NULL,1,'56',6),(17,'Compra de 55 para uso ',1,'2016-02-05 12:02:32',3,'2016-02-05 12:02:32','2016-02-05 12:02:32',NULL,1,'4334',2),(18,'Compra de 10 para uso ',1,'2016-02-06 02:02:55',3,'2016-02-06 02:02:55','2016-02-06 02:02:55',NULL,1,'345345',2),(19,'Compra de 30.00 para uso ',1,NULL,3,NULL,NULL,1,1,'45',2),(20,'Compra de 30.00 para uso ',1,'2016-02-07 00:00:00',3,'2016-02-07 00:00:00','2016-02-07 00:00:00',1,1,'45',2),(21,'Compra de 30.00 para uso ',1,'2016-02-07 00:00:00',3,'2016-02-07 00:00:00','2016-02-07 00:00:00',1,1,'45',2),(22,'Compra de 30.00 para uso ',1,'2016-02-07 00:00:00',3,'2016-02-07 00:00:00','2016-02-07 00:00:00',1,1,'45',2),(23,'Compra de 30.00 para uso ',1,'2016-02-07 00:00:00',3,'2016-02-07 00:00:00','2016-02-07 00:00:00',1,1,'45',2),(24,'Compra de 30.00 para uso ',1,'2016-02-07 00:00:00',3,'2016-02-07 00:00:00','2016-02-07 00:00:00',1,1,NULL,2),(25,'Compra de 30.00 para uso ',1,'2016-02-07 00:00:00',3,'2016-02-07 00:00:00','2016-02-07 00:00:00',1,1,NULL,2),(26,'Compra de 30.00 para uso ',1,'2016-02-07 00:00:00',4,'2016-02-07 00:00:00','2016-02-07 00:00:00',1,1,'44',3),(27,'Compra de 30.00 para uso ',1,'2016-02-07 00:00:00',4,'2016-02-07 00:00:00','2016-02-07 00:00:00',1,1,'44',3),(28,'Compra de 30.00 para uso ',1,'2016-02-07 00:00:00',3,'2016-02-07 00:00:00','2016-02-07 00:00:00',1,1,NULL,2),(29,'Compra de 30.00 para uso ',1,'2016-02-07 00:00:00',3,'2016-02-07 00:00:00','2016-02-07 00:00:00',1,1,NULL,2);
/*!40000 ALTER TABLE `prodOcorrencias` ENABLE KEYS */;
UNLOCK TABLES;

--
-- Table structure for table `prodOcorrenciasInsumo`
--

DROP TABLE IF EXISTS `prodOcorrenciasInsumo`;
/*!40101 SET @saved_cs_client     = @@character_set_client */;
/*!40101 SET character_set_client = utf8 */;
CREATE TABLE `prodOcorrenciasInsumo` (
  `idOcorrenciasInsumo` int(11) NOT NULL AUTO_INCREMENT,
  `idOcorrencia` int(11) DEFAULT NULL,
  `idOS` int(11) DEFAULT NULL,
  `idInsumo` int(11) DEFAULT NULL,
  `stStatus` tinyint(4) DEFAULT '1',
  `qtUtilizada` float DEFAULT NULL,
  `vlInsumo` float DEFAULT NULL,
  PRIMARY KEY (`idOcorrenciasInsumo`),
  KEY `fk_prodOcorrenciasInsumo_1_idx` (`idOcorrencia`),
  KEY `fk_prodOcorrenciasInsumo_2_idx` (`idOS`),
  KEY `fk_prodOcorrenciasInsumo_3_idx` (`idInsumo`),
  CONSTRAINT `fk_prodOcorrenciasInsumo_1` FOREIGN KEY (`idOcorrencia`) REFERENCES `prodOcorrencias` (`idOcorrencia`) ON DELETE NO ACTION ON UPDATE NO ACTION,
  CONSTRAINT `fk_prodOcorrenciasInsumo_2` FOREIGN KEY (`idOS`) REFERENCES `prodOS` (`idOS`) ON DELETE NO ACTION ON UPDATE NO ACTION,
  CONSTRAINT `fk_prodOcorrenciasInsumo_3` FOREIGN KEY (`idInsumo`) REFERENCES `prodInsumo` (`idInsumo`) ON DELETE NO ACTION ON UPDATE NO ACTION
) ENGINE=InnoDB AUTO_INCREMENT=28 DEFAULT CHARSET=latin1;
/*!40101 SET character_set_client = @saved_cs_client */;

--
-- Dumping data for table `prodOcorrenciasInsumo`
--

LOCK TABLES `prodOcorrenciasInsumo` WRITE;
/*!40000 ALTER TABLE `prodOcorrenciasInsumo` DISABLE KEYS */;
INSERT INTO `prodOcorrenciasInsumo` VALUES (7,9,1,1,1,3,1500),(8,10,1,1,1,12,1000),(9,11,1,1,1,10,1000),(10,12,1,3,1,54,1000),(11,13,1,2,1,5,500),(12,14,1,2,1,3,1500),(13,15,1,2,1,10,5000),(14,16,1,2,1,12,6000),(15,17,1,2,1,55,5666),(16,18,1,3,1,10,40000),(17,19,1,3,1,30,456),(18,20,1,3,1,30,456),(19,21,1,3,1,30,456),(20,22,1,3,1,30,456),(21,23,1,2,1,30,900),(22,24,1,3,1,30,456),(23,25,1,2,1,30,900),(24,26,1,3,1,30,456),(25,27,1,2,1,30,900),(26,28,1,3,1,30,456),(27,29,1,2,1,30,900);
/*!40000 ALTER TABLE `prodOcorrenciasInsumo` ENABLE KEYS */;
UNLOCK TABLES;

--
-- Table structure for table `prodOcorrenciasMaoObra`
--

DROP TABLE IF EXISTS `prodOcorrenciasMaoObra`;
/*!40101 SET @saved_cs_client     = @@character_set_client */;
/*!40101 SET character_set_client = utf8 */;
CREATE TABLE `prodOcorrenciasMaoObra` (
  `idOcorrenciasMaoObra` int(11) NOT NULL AUTO_INCREMENT,
  `idOcorrencia` int(11) DEFAULT NULL,
  `idOS` int(11) DEFAULT NULL,
  `idColaborador` int(11) DEFAULT NULL,
  `dtInicio` datetime DEFAULT NULL,
  `dtFim` datetime DEFAULT NULL,
  `dsObservacao` varchar(45) DEFAULT NULL,
  `stStatus` tinyint(4) DEFAULT '1',
  PRIMARY KEY (`idOcorrenciasMaoObra`),
  KEY `fk_prodOcorrenciasMaoObra_1_idx` (`idOcorrencia`),
  KEY `fk_prodOcorrenciasMaoObra_2_idx` (`idOS`),
  KEY `fk_prodOcorrenciasMaoObra_3_idx` (`idColaborador`),
  CONSTRAINT `fk_prodOcorrenciasMaoObra_1` FOREIGN KEY (`idOcorrencia`) REFERENCES `prodOcorrencias` (`idOcorrencia`) ON DELETE NO ACTION ON UPDATE NO ACTION,
  CONSTRAINT `fk_prodOcorrenciasMaoObra_2` FOREIGN KEY (`idOS`) REFERENCES `prodOS` (`idOS`) ON DELETE NO ACTION ON UPDATE NO ACTION,
  CONSTRAINT `fk_prodOcorrenciasMaoObra_3` FOREIGN KEY (`idColaborador`) REFERENCES `prodColaborador` (`idColaborador`) ON DELETE NO ACTION ON UPDATE NO ACTION
) ENGINE=InnoDB DEFAULT CHARSET=latin1;
/*!40101 SET character_set_client = @saved_cs_client */;

--
-- Dumping data for table `prodOcorrenciasMaoObra`
--

LOCK TABLES `prodOcorrenciasMaoObra` WRITE;
/*!40000 ALTER TABLE `prodOcorrenciasMaoObra` DISABLE KEYS */;
/*!40000 ALTER TABLE `prodOcorrenciasMaoObra` ENABLE KEYS */;
UNLOCK TABLES;

--
-- Table structure for table `prodOcorrenciasServicos`
--

DROP TABLE IF EXISTS `prodOcorrenciasServicos`;
/*!40101 SET @saved_cs_client     = @@character_set_client */;
/*!40101 SET character_set_client = utf8 */;
CREATE TABLE `prodOcorrenciasServicos` (
  `idOcorrenciasServicos` int(11) NOT NULL AUTO_INCREMENT,
  `idOcorrencia` int(11) DEFAULT NULL,
  `idOS` int(11) DEFAULT NULL,
  `idServico` int(11) DEFAULT NULL,
  `dtInicio` datetime DEFAULT NULL,
  `dtFim` datetime DEFAULT NULL,
  `qtHoras` float DEFAULT NULL,
  `stStatus` tinyint(4) DEFAULT '1',
  PRIMARY KEY (`idOcorrenciasServicos`),
  KEY `fk_prodOcorrenciasServicos_1_idx` (`idOcorrencia`),
  KEY `fk_prodOcorrenciasServicos_2_idx` (`idOS`),
  KEY `fk_prodOcorrenciasServicos_3_idx` (`idServico`),
  CONSTRAINT `fk_prodOcorrenciasServicos_1` FOREIGN KEY (`idOcorrencia`) REFERENCES `prodOcorrencias` (`idOcorrencia`) ON DELETE NO ACTION ON UPDATE NO ACTION,
  CONSTRAINT `fk_prodOcorrenciasServicos_2` FOREIGN KEY (`idOS`) REFERENCES `prodOS` (`idOS`) ON DELETE NO ACTION ON UPDATE NO ACTION,
  CONSTRAINT `fk_prodOcorrenciasServicos_3` FOREIGN KEY (`idServico`) REFERENCES `prodServicos` (`idServico`) ON DELETE NO ACTION ON UPDATE NO ACTION
) ENGINE=InnoDB DEFAULT CHARSET=latin1;
/*!40101 SET character_set_client = @saved_cs_client */;

--
-- Dumping data for table `prodOcorrenciasServicos`
--

LOCK TABLES `prodOcorrenciasServicos` WRITE;
/*!40000 ALTER TABLE `prodOcorrenciasServicos` DISABLE KEYS */;
/*!40000 ALTER TABLE `prodOcorrenciasServicos` ENABLE KEYS */;
UNLOCK TABLES;

--
-- Table structure for table `prodOrigemInformacao`
--

DROP TABLE IF EXISTS `prodOrigemInformacao`;
/*!40101 SET @saved_cs_client     = @@character_set_client */;
/*!40101 SET character_set_client = utf8 */;
CREATE TABLE `prodOrigemInformacao` (
  `idOrigemInformacao` int(11) NOT NULL AUTO_INCREMENT,
  `dsOrigemInformacao` varchar(45) DEFAULT NULL,
  PRIMARY KEY (`idOrigemInformacao`)
) ENGINE=InnoDB AUTO_INCREMENT=7 DEFAULT CHARSET=latin1;
/*!40101 SET character_set_client = @saved_cs_client */;

--
-- Dumping data for table `prodOrigemInformacao`
--

LOCK TABLES `prodOrigemInformacao` WRITE;
/*!40000 ALTER TABLE `prodOrigemInformacao` DISABLE KEYS */;
INSERT INTO `prodOrigemInformacao` VALUES (1,'Manual'),(2,'Compras'),(3,'Outras Entradas'),(4,'Sucata'),(5,'Venda'),(6,'Outras Saídas');
/*!40000 ALTER TABLE `prodOrigemInformacao` ENABLE KEYS */;
UNLOCK TABLES;

--
-- Table structure for table `prodPedido`
--

DROP TABLE IF EXISTS `prodPedido`;
/*!40101 SET @saved_cs_client     = @@character_set_client */;
/*!40101 SET character_set_client = utf8 */;
CREATE TABLE `prodPedido` (
  `idPedido` int(11) NOT NULL AUTO_INCREMENT,
  `dtPedido` datetime DEFAULT NULL,
  `nrPedido` varchar(45) DEFAULT NULL,
  `idFornecedor` int(11) DEFAULT NULL,
  `idUsuario` int(11) DEFAULT NULL,
  `dsObservacao` varchar(255) DEFAULT NULL,
  `idCliente` int(11) DEFAULT NULL,
  `stSituacao` tinyint(4) DEFAULT '1',
  `dtBaixa` datetime DEFAULT NULL,
  `idUsuarioBaixa` int(11) DEFAULT NULL,
  `nrNota` varchar(10) DEFAULT NULL,
  `idOrigemInformacao` int(11) DEFAULT NULL,
  PRIMARY KEY (`idPedido`),
  KEY `fk_prodPedido_2_idx` (`idFornecedor`),
  KEY `fk_prodPedido_3_idx` (`idUsuario`),
  KEY `fk_prodPedido_4_idx` (`idCliente`),
  CONSTRAINT `fk_prodPedido_2` FOREIGN KEY (`idFornecedor`) REFERENCES `prodFornecedor` (`idFornecedor`) ON DELETE NO ACTION ON UPDATE NO ACTION,
  CONSTRAINT `fk_prodPedido_3` FOREIGN KEY (`idUsuario`) REFERENCES `prodUsuarios` (`idUsuario`) ON DELETE NO ACTION ON UPDATE NO ACTION,
  CONSTRAINT `fk_prodPedido_4` FOREIGN KEY (`idCliente`) REFERENCES `prodCliente` (`idCliente`) ON DELETE NO ACTION ON UPDATE NO ACTION
) ENGINE=InnoDB AUTO_INCREMENT=21 DEFAULT CHARSET=latin1;
/*!40101 SET character_set_client = @saved_cs_client */;

--
-- Dumping data for table `prodPedido`
--

LOCK TABLES `prodPedido` WRITE;
/*!40000 ALTER TABLE `prodPedido` DISABLE KEYS */;
INSERT INTO `prodPedido` VALUES (6,'2016-02-06 00:00:00','1',1,1,'TESTE',NULL,2,NULL,NULL,NULL,1),(7,'2016-02-06 00:00:00','1',1,1,'TESTE',NULL,2,NULL,NULL,NULL,1),(8,'2016-02-07 00:00:00','444',1,1,'TESTE',NULL,2,'2016-02-07 09:02:33',1,'',1),(9,'2016-02-07 00:00:00','50',NULL,1,'TESTE SFFDFADSF',NULL,2,'2016-02-07 09:02:07',1,'',2),(10,'2016-02-07 00:00:00','55',1,1,'SDFDFSDFSDAFSD',NULL,2,'2016-02-07 09:02:20',1,NULL,2),(11,'2016-02-07 00:00:00','60',1,1,'TTTTT TT',NULL,2,'2016-02-12 08:02:20',1,'78',2),(12,'2016-02-07 00:00:00','6',1,1,'teste',NULL,2,'2016-02-12 08:02:39',1,'',1),(13,'2016-02-08 00:00:00','1',1,1,'TESTE',NULL,1,NULL,NULL,NULL,1),(14,'2016-02-08 00:00:00','59',1,1,'TESETE',NULL,1,NULL,NULL,NULL,2),(15,'2016-02-08 00:00:00','40',1,1,'TESTE',NULL,1,NULL,NULL,NULL,1),(16,'2016-02-08 00:00:00','66',1,1,'teste',NULL,1,NULL,NULL,NULL,2),(17,'2016-02-14 00:00:00','34',1,1,'TESTE LOCAL DE ESTOQUE',NULL,2,'2016-02-14 08:02:10',1,NULL,2),(18,'2016-02-14 00:00:00','56',1,1,'TESTE',NULL,1,NULL,NULL,NULL,NULL),(19,'2016-02-15 00:00:00','66',1,1,'TESTE',NULL,1,NULL,NULL,NULL,NULL),(20,'2016-04-29 00:00:00','67',1,1,'DDFDSFDFSDAF',NULL,1,NULL,NULL,NULL,NULL);
/*!40000 ALTER TABLE `prodPedido` ENABLE KEYS */;
UNLOCK TABLES;

--
-- Table structure for table `prodPedidoItens`
--

DROP TABLE IF EXISTS `prodPedidoItens`;
/*!40101 SET @saved_cs_client     = @@character_set_client */;
/*!40101 SET character_set_client = utf8 */;
CREATE TABLE `prodPedidoItens` (
  `idPedidoItem` int(11) NOT NULL AUTO_INCREMENT,
  `idPedido` int(11) DEFAULT NULL,
  `idInsumo` int(11) DEFAULT NULL,
  `qtPedido` float DEFAULT NULL,
  `vlPedido` float DEFAULT NULL,
  `dsObservacao` varchar(255) DEFAULT NULL,
  `idOS` int(11) DEFAULT NULL,
  `idCentroCusto` int(11) DEFAULT NULL,
  `idMaquina` int(11) DEFAULT NULL,
  `idMotivo` int(11) DEFAULT NULL,
  `idLocalEstoque` int(11) DEFAULT NULL,
  PRIMARY KEY (`idPedidoItem`),
  KEY `fk_prodPedidoItens_2_idx` (`idInsumo`),
  KEY `fk_prodPedidoItens_1` (`idPedido`),
  KEY `fk_prodPedidoItens_3_idx` (`idLocalEstoque`),
  KEY `fk_prodPedidoItens_4_idx` (`idOS`),
  KEY `fk_prodPedidoItens_5_idx` (`idCentroCusto`),
  KEY `fk_prodPedidoItens_6_idx` (`idMaquina`),
  KEY `fk_prodPedidoItens_7_idx` (`idMotivo`),
  CONSTRAINT `fk_prodPedidoItens_1` FOREIGN KEY (`idPedido`) REFERENCES `prodPedido` (`idPedido`) ON DELETE NO ACTION ON UPDATE NO ACTION,
  CONSTRAINT `fk_prodPedidoItens_2` FOREIGN KEY (`idInsumo`) REFERENCES `prodInsumo` (`idInsumo`) ON DELETE NO ACTION ON UPDATE NO ACTION,
  CONSTRAINT `fk_prodPedidoItens_3` FOREIGN KEY (`idLocalEstoque`) REFERENCES `prodLocalEstoque` (`idLocalEstoque`) ON DELETE NO ACTION ON UPDATE NO ACTION,
  CONSTRAINT `fk_prodPedidoItens_4` FOREIGN KEY (`idOS`) REFERENCES `prodOS` (`idOS`) ON DELETE NO ACTION ON UPDATE NO ACTION,
  CONSTRAINT `fk_prodPedidoItens_5` FOREIGN KEY (`idCentroCusto`) REFERENCES `prodCentroCusto` (`idCentroCusto`) ON DELETE NO ACTION ON UPDATE NO ACTION,
  CONSTRAINT `fk_prodPedidoItens_6` FOREIGN KEY (`idMaquina`) REFERENCES `prodMaquina` (`idMaquina`) ON DELETE NO ACTION ON UPDATE NO ACTION,
  CONSTRAINT `fk_prodPedidoItens_7` FOREIGN KEY (`idMotivo`) REFERENCES `prodMotivo` (`idMotivo`) ON DELETE NO ACTION ON UPDATE NO ACTION
) ENGINE=InnoDB AUTO_INCREMENT=28 DEFAULT CHARSET=latin1;
/*!40101 SET character_set_client = @saved_cs_client */;

--
-- Dumping data for table `prodPedidoItens`
--

LOCK TABLES `prodPedidoItens` WRITE;
/*!40000 ALTER TABLE `prodPedidoItens` DISABLE KEYS */;
INSERT INTO `prodPedidoItens` VALUES (8,6,1,1,12,'TESTTE',NULL,NULL,NULL,NULL,NULL),(9,7,1,1,12,'TESTE',NULL,NULL,NULL,NULL,NULL),(10,7,3,30,456,'TESTE',1,1,1,1,NULL),(11,7,2,30,900,'TESTE',1,1,1,NULL,NULL),(12,8,3,555,5000,'XZVFDFAFSD',NULL,NULL,NULL,NULL,NULL),(13,9,3,50,500,'TESTE',NULL,NULL,NULL,NULL,NULL),(14,10,2,100,1000,'TESET',NULL,NULL,NULL,NULL,NULL),(15,11,1,15,1500,'TESTE',NULL,NULL,NULL,NULL,NULL),(16,13,1,10,1000,'TESTE',NULL,NULL,NULL,NULL,NULL),(17,12,3,12,10,'teste',NULL,NULL,NULL,NULL,NULL),(18,11,3,12,444,'teste',NULL,NULL,NULL,NULL,NULL),(19,16,1,100,1000,'teset',NULL,NULL,NULL,NULL,NULL),(20,17,1,10,1000,'TESTE LOCAL ESTOQUE',NULL,NULL,NULL,NULL,NULL),(21,17,1,10,1000,'TESTE LOCAL ESTOQUE',NULL,NULL,NULL,NULL,NULL),(22,18,1,6,689,'TESTE',NULL,NULL,NULL,NULL,3),(23,19,1,150,1300,'TESTE',NULL,NULL,NULL,NULL,3),(24,19,3,30,320,'TESTE',NULL,NULL,NULL,NULL,3),(25,19,2,23,1800,'TESTE',NULL,NULL,NULL,NULL,3),(26,20,1,12,120,'ARWERWERWE',NULL,NULL,NULL,NULL,3),(27,20,2,12,120,'4242343',NULL,NULL,NULL,NULL,3);
/*!40000 ALTER TABLE `prodPedidoItens` ENABLE KEYS */;
UNLOCK TABLES;

--
-- Table structure for table `prodPerfil`
--

DROP TABLE IF EXISTS `prodPerfil`;
/*!40101 SET @saved_cs_client     = @@character_set_client */;
/*!40101 SET character_set_client = utf8 */;
CREATE TABLE `prodPerfil` (
  `idPerfil` int(11) NOT NULL AUTO_INCREMENT COMMENT 'codigo do perfil',
  `dsPerfil` varchar(50) COLLATE utf8_bin DEFAULT NULL COMMENT 'descricao do perfil',
  `stStatus` int(11) NOT NULL DEFAULT '1' COMMENT 'Situacao do Registro (1-Ativo 0-Excluido)',
  PRIMARY KEY (`idPerfil`)
) ENGINE=InnoDB AUTO_INCREMENT=4 DEFAULT CHARSET=utf8 COLLATE=utf8_bin AVG_ROW_LENGTH=4096 COMMENT='Perfis de Usuarios';
/*!40101 SET character_set_client = @saved_cs_client */;

--
-- Dumping data for table `prodPerfil`
--

LOCK TABLES `prodPerfil` WRITE;
/*!40000 ALTER TABLE `prodPerfil` DISABLE KEYS */;
INSERT INTO `prodPerfil` VALUES (1,'Administrador',1),(2,'teste',0),(3,'TESTE',0);
/*!40000 ALTER TABLE `prodPerfil` ENABLE KEYS */;
UNLOCK TABLES;

--
-- Table structure for table `prodPerfilMenu`
--

DROP TABLE IF EXISTS `prodPerfilMenu`;
/*!40101 SET @saved_cs_client     = @@character_set_client */;
/*!40101 SET character_set_client = utf8 */;
CREATE TABLE `prodPerfilMenu` (
  `idPerfil` int(11) DEFAULT NULL COMMENT 'Codigo do Perfil',
  `idMenu` int(11) DEFAULT NULL COMMENT 'Codigo do Item de Menu',
  `stStatus` tinyint(4) DEFAULT '1',
  KEY `fk_prodPerfilMenu_1_idx` (`idPerfil`),
  KEY `fk_prodPerfilMenu_2_idx` (`idMenu`),
  CONSTRAINT `fk_prodPerfilMenu_1` FOREIGN KEY (`idPerfil`) REFERENCES `prodPerfil` (`idPerfil`) ON DELETE NO ACTION ON UPDATE NO ACTION,
  CONSTRAINT `fk_prodPerfilMenu_2` FOREIGN KEY (`idMenu`) REFERENCES `prodMenu` (`idMenu`) ON DELETE NO ACTION ON UPDATE NO ACTION
) ENGINE=InnoDB DEFAULT CHARSET=utf8 COLLATE=utf8_bin AVG_ROW_LENGTH=303 COMMENT='Itens de Menus Por Perfis';
/*!40101 SET character_set_client = @saved_cs_client */;

--
-- Dumping data for table `prodPerfilMenu`
--

LOCK TABLES `prodPerfilMenu` WRITE;
/*!40000 ALTER TABLE `prodPerfilMenu` DISABLE KEYS */;
INSERT INTO `prodPerfilMenu` VALUES (1,1,1),(1,2,1),(1,3,1),(1,4,1),(1,5,NULL),(1,6,NULL),(1,7,NULL),(1,8,NULL),(1,9,NULL),(1,10,NULL),(1,12,NULL),(1,13,NULL),(1,14,NULL),(1,17,NULL),(1,18,NULL),(1,19,NULL),(1,15,NULL),(1,15,NULL),(1,16,NULL),(1,20,NULL),(1,23,NULL),(1,22,NULL),(1,21,NULL),(1,24,NULL),(1,25,NULL),(1,27,NULL),(1,26,NULL),(1,28,NULL),(1,29,1),(1,30,1),(1,31,1),(1,32,1),(1,33,1),(1,34,1),(1,35,1),(1,36,1),(1,37,1),(1,1,1),(1,1,1),(1,1,1),(1,1,1),(1,1,1),(1,1,1),(1,38,1),(1,39,1),(1,42,1),(1,40,1),(1,40,1),(1,41,1),(1,41,1),(1,43,1),(1,44,1),(1,45,1),(1,46,1),(1,47,1),(1,48,1),(1,49,1),(1,50,1),(1,51,1),(1,52,1),(1,53,1),(1,55,1),(1,54,1),(1,56,1),(1,57,1),(1,58,1),(1,59,1),(1,60,1),(1,61,1),(1,63,1),(1,62,1),(1,64,1),(1,65,1),(1,66,1),(1,67,1),(1,68,1),(1,69,1),(1,70,1),(1,71,1),(1,72,1),(1,73,1),(1,74,1),(1,75,1);
/*!40000 ALTER TABLE `prodPerfilMenu` ENABLE KEYS */;
UNLOCK TABLES;

--
-- Table structure for table `prodProjeto`
--

DROP TABLE IF EXISTS `prodProjeto`;
/*!40101 SET @saved_cs_client     = @@character_set_client */;
/*!40101 SET character_set_client = utf8 */;
CREATE TABLE `prodProjeto` (
  `idProjeto` int(11) NOT NULL AUTO_INCREMENT,
  `dsProjeto` varchar(45) DEFAULT NULL,
  `stStatus` tinyint(4) DEFAULT '1',
  `dtAbertura` datetime DEFAULT NULL,
  `idColaborador` int(11) DEFAULT NULL COMMENT 'Colaborador Responsavel',
  `idEmpresa` int(11) DEFAULT NULL,
  `idStatusProjeto` int(11) DEFAULT NULL,
  `vlOrcado` float DEFAULT NULL,
  `dsTermoAbertura` longtext,
  `dsTermoEncerramento` longtext,
  `dtPrevisaoTermino` datetime DEFAULT NULL,
  `dtPrevisaoInicio` datetime DEFAULT NULL,
  `prodProjetocol` varchar(45) DEFAULT NULL,
  PRIMARY KEY (`idProjeto`),
  KEY `fk_prodProjeto_1_idx` (`idColaborador`),
  KEY `fk_prodProjeto_2_idx` (`idEmpresa`),
  KEY `fk_prodProjeto_3_idx` (`idStatusProjeto`),
  CONSTRAINT `fk_prodProjeto_1` FOREIGN KEY (`idColaborador`) REFERENCES `prodColaborador` (`idColaborador`) ON DELETE NO ACTION ON UPDATE NO ACTION,
  CONSTRAINT `fk_prodProjeto_2` FOREIGN KEY (`idEmpresa`) REFERENCES `prodEmpresa` (`idEmpresa`) ON DELETE NO ACTION ON UPDATE NO ACTION,
  CONSTRAINT `fk_prodProjeto_3` FOREIGN KEY (`idStatusProjeto`) REFERENCES `prodStatusProjeto` (`idStatusProjeto`) ON DELETE NO ACTION ON UPDATE NO ACTION
) ENGINE=InnoDB AUTO_INCREMENT=5 DEFAULT CHARSET=latin1;
/*!40101 SET character_set_client = @saved_cs_client */;

--
-- Dumping data for table `prodProjeto`
--

LOCK TABLES `prodProjeto` WRITE;
/*!40000 ALTER TABLE `prodProjeto` DISABLE KEYS */;
INSERT INTO `prodProjeto` VALUES (2,'TESTE DE PROJETO 1',1,'2016-02-24 02:42:57',1,1,1,0,NULL,NULL,'0000-00-00 00:00:00','0000-00-00 00:00:00',NULL),(4,'CONSTRUÇAO DA MINHA CASA',1,'2016-02-28 02:05:58',1,1,2,1095860,'CASA NO CONDOMINIO MANGUEIRAS',NULL,'0000-00-00 00:00:00','0000-00-00 00:00:00',NULL);
/*!40000 ALTER TABLE `prodProjeto` ENABLE KEYS */;
UNLOCK TABLES;

--
-- Table structure for table `prodProjetoFases`
--

DROP TABLE IF EXISTS `prodProjetoFases`;
/*!40101 SET @saved_cs_client     = @@character_set_client */;
/*!40101 SET character_set_client = utf8 */;
CREATE TABLE `prodProjetoFases` (
  `idFase` int(11) NOT NULL AUTO_INCREMENT,
  `idProjeto` int(11) DEFAULT NULL,
  `dsFase` varchar(45) DEFAULT NULL,
  `dtPrevisaoInicio` datetime DEFAULT NULL,
  `dtPrevisaoTermino` datetime DEFAULT NULL,
  `vlOrcado` float DEFAULT NULL,
  `idStatusFase` int(11) DEFAULT NULL,
  `idColaboradorResponsavel` int(11) DEFAULT NULL,
  `dsTermoAbertura` longtext,
  `dsTermoEncerramento` longtext,
  `dtAbertura` datetime DEFAULT NULL,
  PRIMARY KEY (`idFase`),
  KEY `fk_prodProjetoFases_1_idx` (`idProjeto`),
  KEY `fk_prodProjetoFases_2_idx` (`idStatusFase`),
  KEY `fk_prodProjetoFases_3_idx` (`idColaboradorResponsavel`),
  CONSTRAINT `fk_prodProjetoFases_1` FOREIGN KEY (`idProjeto`) REFERENCES `prodProjeto` (`idProjeto`) ON DELETE NO ACTION ON UPDATE NO ACTION,
  CONSTRAINT `fk_prodProjetoFases_2` FOREIGN KEY (`idStatusFase`) REFERENCES `prodStatusProjeto` (`idStatusProjeto`) ON DELETE NO ACTION ON UPDATE NO ACTION,
  CONSTRAINT `fk_prodProjetoFases_3` FOREIGN KEY (`idColaboradorResponsavel`) REFERENCES `prodColaborador` (`idColaborador`) ON DELETE NO ACTION ON UPDATE NO ACTION
) ENGINE=InnoDB AUTO_INCREMENT=6 DEFAULT CHARSET=latin1;
/*!40101 SET character_set_client = @saved_cs_client */;

--
-- Dumping data for table `prodProjetoFases`
--

LOCK TABLES `prodProjetoFases` WRITE;
/*!40000 ALTER TABLE `prodProjetoFases` DISABLE KEYS */;
INSERT INTO `prodProjetoFases` VALUES (1,2,'ALICERCE  DO PROJETO TESTE DE POJETO  1','0000-00-00 00:00:00','0000-00-00 00:00:00',200,3,1,NULL,NULL,'2016-02-29 02:40:11'),(4,4,'PREPARAÇÃO DA DOCUMENTACAO','0000-00-00 00:00:00','0000-00-00 00:00:00',1095810,1,1,'PREPARAR MEDIÇÃO DO TERRENO, DOCUMENTACAO COM A PREFEITURA, APROVAÇÃO DE PLANTAS E ETC',NULL,'2016-02-28 02:07:03'),(5,4,'PINTURA EXTERNA DA CASA','0000-00-00 00:00:00','0000-00-00 00:00:00',47.78,1,1,NULL,NULL,'2016-02-28 02:49:02');
/*!40000 ALTER TABLE `prodProjetoFases` ENABLE KEYS */;
UNLOCK TABLES;

--
-- Table structure for table `prodProjetoMudancaStatus`
--

DROP TABLE IF EXISTS `prodProjetoMudancaStatus`;
/*!40101 SET @saved_cs_client     = @@character_set_client */;
/*!40101 SET character_set_client = utf8 */;
CREATE TABLE `prodProjetoMudancaStatus` (
  `idProjetoMudancaStatus` int(11) NOT NULL AUTO_INCREMENT,
  `dtMudanca` datetime DEFAULT NULL,
  `idProjeto` int(11) DEFAULT NULL,
  `idStatusProjeto` int(11) DEFAULT NULL,
  `idUsuario` int(11) DEFAULT NULL,
  `dsObservacao` varchar(255) DEFAULT NULL,
  `idOrigemInformacao` int(11) DEFAULT NULL,
  PRIMARY KEY (`idProjetoMudancaStatus`),
  KEY `fk_prodProjetoMudancaStatus_1_idx` (`idProjeto`),
  KEY `fk_prodProjetoMudancaStatus_2_idx` (`idStatusProjeto`),
  KEY `fk_prodProjetoMudancaStatus_3_idx` (`idUsuario`),
  KEY `fk_prodProjetoMudancaStatus_4_idx` (`idOrigemInformacao`),
  CONSTRAINT `fk_prodMProjetoMudancaStatus_4` FOREIGN KEY (`idOrigemInformacao`) REFERENCES `prodOrigemInformacao` (`idOrigemInformacao`) ON DELETE NO ACTION ON UPDATE NO ACTION,
  CONSTRAINT `fk_prodProjetoMudancaStatus_1` FOREIGN KEY (`idProjeto`) REFERENCES `prodProjeto` (`idProjeto`) ON DELETE NO ACTION ON UPDATE NO ACTION,
  CONSTRAINT `fk_prodProjetoMudancaStatus_2` FOREIGN KEY (`idStatusProjeto`) REFERENCES `prodStatusProjeto` (`idStatusProjeto`) ON DELETE NO ACTION ON UPDATE NO ACTION,
  CONSTRAINT `fk_prodProjetoMudancaStatus_3` FOREIGN KEY (`idUsuario`) REFERENCES `prodUsuarios` (`idUsuario`) ON DELETE NO ACTION ON UPDATE NO ACTION
) ENGINE=InnoDB AUTO_INCREMENT=2 DEFAULT CHARSET=latin1;
/*!40101 SET character_set_client = @saved_cs_client */;

--
-- Dumping data for table `prodProjetoMudancaStatus`
--

LOCK TABLES `prodProjetoMudancaStatus` WRITE;
/*!40000 ALTER TABLE `prodProjetoMudancaStatus` DISABLE KEYS */;
INSERT INTO `prodProjetoMudancaStatus` VALUES (1,'2016-02-28 09:02:33',4,2,1,'',1);
/*!40000 ALTER TABLE `prodProjetoMudancaStatus` ENABLE KEYS */;
UNLOCK TABLES;

--
-- Table structure for table `prodProjetoServicos`
--

DROP TABLE IF EXISTS `prodProjetoServicos`;
/*!40101 SET @saved_cs_client     = @@character_set_client */;
/*!40101 SET character_set_client = utf8 */;
CREATE TABLE `prodProjetoServicos` (
  `idProjetoServico` int(11) NOT NULL AUTO_INCREMENT,
  `dsServicoProjeto` varchar(45) DEFAULT NULL,
  `vlOrcado` decimal(9,2) DEFAULT NULL,
  `idFase` int(11) DEFAULT NULL,
  `dtPrevisaoInicio` datetime DEFAULT NULL,
  `dtPrevisaoTermino` datetime DEFAULT NULL,
  `idStatusServico` int(11) DEFAULT NULL,
  `idColaboradorResponsavel` int(11) DEFAULT NULL,
  `dsTermoAbertura` longtext,
  `dsTermoEncerramento` longtext,
  `dtAbertura` datetime DEFAULT NULL,
  `idProjeto` int(11) DEFAULT NULL,
  PRIMARY KEY (`idProjetoServico`),
  KEY `fk_prodProjetoServicos_1_idx` (`idFase`),
  KEY `fk_prodProjetoServicos_3_idx` (`idStatusServico`),
  KEY `fk_prodProjetoServicos_4_idx` (`idProjeto`),
  KEY `fk_prodProjetoServicos_5_idx` (`idColaboradorResponsavel`),
  CONSTRAINT `fk_prodProjetoServicos_1` FOREIGN KEY (`idFase`) REFERENCES `prodProjetoFases` (`idFase`) ON DELETE NO ACTION ON UPDATE NO ACTION,
  CONSTRAINT `fk_prodProjetoServicos_3` FOREIGN KEY (`idStatusServico`) REFERENCES `prodStatusProjeto` (`idStatusProjeto`) ON DELETE NO ACTION ON UPDATE NO ACTION,
  CONSTRAINT `fk_prodProjetoServicos_4` FOREIGN KEY (`idProjeto`) REFERENCES `prodProjeto` (`idProjeto`) ON DELETE NO ACTION ON UPDATE NO ACTION,
  CONSTRAINT `fk_prodProjetoServicos_5` FOREIGN KEY (`idColaboradorResponsavel`) REFERENCES `prodColaborador` (`idColaborador`) ON DELETE NO ACTION ON UPDATE NO ACTION
) ENGINE=InnoDB AUTO_INCREMENT=10 DEFAULT CHARSET=latin1;
/*!40101 SET character_set_client = @saved_cs_client */;

--
-- Dumping data for table `prodProjetoServicos`
--

LOCK TABLES `prodProjetoServicos` WRITE;
/*!40000 ALTER TABLE `prodProjetoServicos` DISABLE KEYS */;
INSERT INTO `prodProjetoServicos` VALUES (8,'Planta da casa',71415.60,4,'0000-00-00 00:00:00','0000-00-00 00:00:00',2,1,'Planta da casa',NULL,'2016-02-28 02:25:25',4),(9,'Pintar a casa',47.78,5,'0000-00-00 00:00:00','0000-00-00 00:00:00',3,1,NULL,NULL,'2016-02-28 02:50:25',4);
/*!40000 ALTER TABLE `prodProjetoServicos` ENABLE KEYS */;
UNLOCK TABLES;

--
-- Table structure for table `prodProjetoServicosServico`
--

DROP TABLE IF EXISTS `prodProjetoServicosServico`;
/*!40101 SET @saved_cs_client     = @@character_set_client */;
/*!40101 SET character_set_client = utf8 */;
CREATE TABLE `prodProjetoServicosServico` (
  `idProjetoServicosServico` int(11) NOT NULL AUTO_INCREMENT,
  `idProjetoServico` int(11) DEFAULT NULL,
  `idServico` int(11) DEFAULT NULL,
  `qtServico` float DEFAULT NULL,
  `vlTotal` float DEFAULT NULL,
  `dsObservacao` varchar(45) DEFAULT NULL,
  PRIMARY KEY (`idProjetoServicosServico`),
  KEY `fk_prodProjetoServicosMO_1_idx` (`idServico`)
) ENGINE=InnoDB AUTO_INCREMENT=25 DEFAULT CHARSET=latin1;
/*!40101 SET character_set_client = @saved_cs_client */;

--
-- Dumping data for table `prodProjetoServicosServico`
--

LOCK TABLES `prodProjetoServicosServico` WRITE;
/*!40000 ALTER TABLE `prodProjetoServicosServico` DISABLE KEYS */;
INSERT INTO `prodProjetoServicosServico` VALUES (20,8,4,1,3000,'Arquita vai rever as medidas'),(21,9,6,1,47.78,'Pintura'),(24,8,6,2,68415.6,'asdsadad');
/*!40000 ALTER TABLE `prodProjetoServicosServico` ENABLE KEYS */;
UNLOCK TABLES;

--
-- Table structure for table `prodProjetoUsuario`
--

DROP TABLE IF EXISTS `prodProjetoUsuario`;
/*!40101 SET @saved_cs_client     = @@character_set_client */;
/*!40101 SET character_set_client = utf8 */;
CREATE TABLE `prodProjetoUsuario` (
  `idUsuario` int(11) NOT NULL,
  `idProjeto` int(11) NOT NULL,
  `stStatus` tinyint(4) DEFAULT '1',
  PRIMARY KEY (`idUsuario`,`idProjeto`),
  KEY `fk_prodProjetoUsuario_1_idx` (`idProjeto`),
  CONSTRAINT `fk_prodProjetoUsuario_1` FOREIGN KEY (`idProjeto`) REFERENCES `prodProjeto` (`idProjeto`) ON DELETE NO ACTION ON UPDATE NO ACTION,
  CONSTRAINT `fk_prodProjetoUsuario_2` FOREIGN KEY (`idUsuario`) REFERENCES `prodUsuarios` (`idUsuario`) ON DELETE NO ACTION ON UPDATE NO ACTION
) ENGINE=InnoDB DEFAULT CHARSET=latin1;
/*!40101 SET character_set_client = @saved_cs_client */;

--
-- Dumping data for table `prodProjetoUsuario`
--

LOCK TABLES `prodProjetoUsuario` WRITE;
/*!40000 ALTER TABLE `prodProjetoUsuario` DISABLE KEYS */;
INSERT INTO `prodProjetoUsuario` VALUES (1,4,1);
/*!40000 ALTER TABLE `prodProjetoUsuario` ENABLE KEYS */;
UNLOCK TABLES;

--
-- Table structure for table `prodRateio`
--

DROP TABLE IF EXISTS `prodRateio`;
/*!40101 SET @saved_cs_client     = @@character_set_client */;
/*!40101 SET character_set_client = utf8 */;
CREATE TABLE `prodRateio` (
  `idRateio` int(11) NOT NULL AUTO_INCREMENT,
  `dtRateio` datetime DEFAULT NULL,
  `idCentroCusto` int(11) DEFAULT NULL,
  `idOrigemInformacao` int(11) DEFAULT NULL,
  `dsDocOrigem` varchar(45) DEFAULT NULL,
  `vlRateio` float DEFAULT NULL,
  `stDC` varchar(45) DEFAULT NULL,
  PRIMARY KEY (`idRateio`),
  KEY `fk_prodRateio_1_idx` (`idCentroCusto`),
  KEY `fk_prodRateio_2_idx` (`idOrigemInformacao`),
  CONSTRAINT `fk_prodRateio_1` FOREIGN KEY (`idCentroCusto`) REFERENCES `prodCentroCusto` (`idCentroCusto`) ON DELETE NO ACTION ON UPDATE NO ACTION,
  CONSTRAINT `fk_prodRateio_2` FOREIGN KEY (`idOrigemInformacao`) REFERENCES `prodOrigemInformacao` (`idOrigemInformacao`) ON DELETE NO ACTION ON UPDATE NO ACTION
) ENGINE=InnoDB AUTO_INCREMENT=30 DEFAULT CHARSET=latin1;
/*!40101 SET character_set_client = @saved_cs_client */;

--
-- Dumping data for table `prodRateio`
--

LOCK TABLES `prodRateio` WRITE;
/*!40000 ALTER TABLE `prodRateio` DISABLE KEYS */;
INSERT INTO `prodRateio` VALUES (15,'2016-02-01 06:02:09',1,2,'555',1500,'C'),(16,'2016-02-01 07:02:03',1,3,'3451',35000,'C'),(17,'2016-02-02 04:02:54',1,2,'44',1000,'C'),(18,'2016-02-03 08:02:20',1,5,'666',1500,'D'),(19,NULL,1,2,'45',456,'D'),(20,'2016-02-07 00:00:00',1,2,'45',456,'D'),(21,'2016-02-07 00:00:00',1,2,'45',456,'D'),(22,'2016-02-07 00:00:00',1,2,'45',456,'D'),(23,'2016-02-07 00:00:00',1,2,'45',900,'D'),(24,'2016-02-07 00:00:00',1,2,NULL,456,'D'),(25,'2016-02-07 00:00:00',1,2,NULL,900,'D'),(26,'2016-02-07 00:00:00',1,3,'44',456,'D'),(27,'2016-02-07 00:00:00',1,3,'44',900,'D'),(28,'2016-02-07 00:00:00',1,2,NULL,456,'D'),(29,'2016-02-07 00:00:00',1,2,NULL,900,'D');
/*!40000 ALTER TABLE `prodRateio` ENABLE KEYS */;
UNLOCK TABLES;

--
-- Table structure for table `prodRecomendacoes`
--

DROP TABLE IF EXISTS `prodRecomendacoes`;
/*!40101 SET @saved_cs_client     = @@character_set_client */;
/*!40101 SET character_set_client = utf8 */;
CREATE TABLE `prodRecomendacoes` (
  `idRecomendacao` int(11) NOT NULL AUTO_INCREMENT,
  `idOS` int(11) DEFAULT NULL,
  `idTipoManutencao` int(11) DEFAULT NULL,
  `idOSFutura` int(11) DEFAULT NULL,
  `dsRecomendacao` varchar(255) DEFAULT NULL,
  `stStatus` tinyint(4) DEFAULT '1',
  PRIMARY KEY (`idRecomendacao`),
  KEY `fk_prodRecomendacoes_1_idx` (`idOS`),
  KEY `fk_prodRecomendacoes_2_idx` (`idTipoManutencao`),
  CONSTRAINT `fk_prodRecomendacoes_1` FOREIGN KEY (`idOS`) REFERENCES `prodOS` (`idOS`) ON DELETE NO ACTION ON UPDATE NO ACTION,
  CONSTRAINT `fk_prodRecomendacoes_2` FOREIGN KEY (`idTipoManutencao`) REFERENCES `prodTipoManutencao` (`idTipoManutencao`) ON DELETE NO ACTION ON UPDATE NO ACTION
) ENGINE=InnoDB DEFAULT CHARSET=latin1;
/*!40101 SET character_set_client = @saved_cs_client */;

--
-- Dumping data for table `prodRecomendacoes`
--

LOCK TABLES `prodRecomendacoes` WRITE;
/*!40000 ALTER TABLE `prodRecomendacoes` DISABLE KEYS */;
/*!40000 ALTER TABLE `prodRecomendacoes` ENABLE KEYS */;
UNLOCK TABLES;

--
-- Table structure for table `prodServicoMudancaStatus`
--

DROP TABLE IF EXISTS `prodServicoMudancaStatus`;
/*!40101 SET @saved_cs_client     = @@character_set_client */;
/*!40101 SET character_set_client = utf8 */;
CREATE TABLE `prodServicoMudancaStatus` (
  `idServicoMudancaStatus` int(11) NOT NULL AUTO_INCREMENT,
  `dtMudanca` datetime DEFAULT NULL,
  `idProjetoServico` int(11) DEFAULT NULL,
  `idStatusServico` int(11) DEFAULT NULL,
  `idUsuario` int(11) DEFAULT NULL,
  `dsObservacao` varchar(255) DEFAULT NULL,
  `idOrigemInformacao` int(11) DEFAULT NULL,
  PRIMARY KEY (`idServicoMudancaStatus`),
  KEY `fk_prodServicoMudancaStatus_1_idx` (`idProjetoServico`),
  KEY `fk_prodServicoMudancaStatus_2_idx` (`idStatusServico`),
  KEY `fk_prodServicoMudancaStatus_3_idx` (`idUsuario`),
  KEY `fk_prodServicoMudancaStatus_4_idx` (`idOrigemInformacao`),
  CONSTRAINT `fk_prodServicoMudancaStatus_1` FOREIGN KEY (`idProjetoServico`) REFERENCES `prodProjetoServicos` (`idProjetoServico`) ON DELETE NO ACTION ON UPDATE NO ACTION,
  CONSTRAINT `fk_prodServicoMudancaStatus_2` FOREIGN KEY (`idStatusServico`) REFERENCES `prodStatusProjeto` (`idStatusProjeto`) ON DELETE NO ACTION ON UPDATE NO ACTION,
  CONSTRAINT `fk_prodServicoMudancaStatus_3` FOREIGN KEY (`idUsuario`) REFERENCES `prodUsuarios` (`idUsuario`) ON DELETE NO ACTION ON UPDATE NO ACTION,
  CONSTRAINT `fk_prodServicoMudancaStatus_4` FOREIGN KEY (`idOrigemInformacao`) REFERENCES `prodOrigemInformacao` (`idOrigemInformacao`) ON DELETE NO ACTION ON UPDATE NO ACTION
) ENGINE=InnoDB AUTO_INCREMENT=8 DEFAULT CHARSET=latin1;
/*!40101 SET character_set_client = @saved_cs_client */;

--
-- Dumping data for table `prodServicoMudancaStatus`
--

LOCK TABLES `prodServicoMudancaStatus` WRITE;
/*!40000 ALTER TABLE `prodServicoMudancaStatus` DISABLE KEYS */;
INSERT INTO `prodServicoMudancaStatus` VALUES (3,'2016-02-29 08:02:52',8,2,1,'',1),(4,'2016-02-29 09:02:57',9,2,1,'SDAFFDSFDSAF',1),(5,'2016-02-29 09:02:52',9,2,1,'',1),(6,'2016-02-29 09:02:39',9,2,1,'asdfdfdfasfds',1),(7,'2016-02-29 09:02:47',9,3,1,'sfdsafdfsdaf',1);
/*!40000 ALTER TABLE `prodServicoMudancaStatus` ENABLE KEYS */;
UNLOCK TABLES;

--
-- Table structure for table `prodServicos`
--

DROP TABLE IF EXISTS `prodServicos`;
/*!40101 SET @saved_cs_client     = @@character_set_client */;
/*!40101 SET character_set_client = utf8 */;
CREATE TABLE `prodServicos` (
  `idServico` int(11) NOT NULL AUTO_INCREMENT,
  `dsServico` varchar(255) DEFAULT NULL,
  `idTipoServico` int(11) DEFAULT NULL,
  `stStatus` tinyint(4) DEFAULT '1',
  `dsObservacao` varchar(255) DEFAULT NULL,
  `vlOrcado` float DEFAULT NULL,
  `idUnidade` int(11) DEFAULT NULL,
  PRIMARY KEY (`idServico`),
  KEY `fk_prodServicos_1_idx` (`idTipoServico`),
  KEY `fk_prodServicos_3_idx` (`idUnidade`),
  CONSTRAINT `fk_prodServicos_1` FOREIGN KEY (`idTipoServico`) REFERENCES `prodTipoServico` (`idTipoServico`) ON DELETE NO ACTION ON UPDATE NO ACTION,
  CONSTRAINT `fk_prodServicos_2` FOREIGN KEY (`idTipoServico`) REFERENCES `prodTipoServico` (`idTipoServico`) ON DELETE NO ACTION ON UPDATE NO ACTION,
  CONSTRAINT `fk_prodServicos_3` FOREIGN KEY (`idUnidade`) REFERENCES `prodUnidade` (`idUnidade`) ON DELETE NO ACTION ON UPDATE NO ACTION
) ENGINE=InnoDB AUTO_INCREMENT=8 DEFAULT CHARSET=latin1;
/*!40101 SET character_set_client = @saved_cs_client */;

--
-- Dumping data for table `prodServicos`
--

LOCK TABLES `prodServicos` WRITE;
/*!40000 ALTER TABLE `prodServicos` DISABLE KEYS */;
INSERT INTO `prodServicos` VALUES (1,'Alicerce',1,1,'TESTE',109471,2),(3,'SERVICO 3',3,1,'TESTE',1000,NULL),(4,'PLANTA',3,1,'FAZER A PLANTA COM A ARQUITETA',3000,NULL),(6,'Pintura',3,1,'Pintura de casa',34207.8,9),(7,'sdffsfsdfsdfsd',1,1,'xc\\zczxczxzxcxz',666600,9);
/*!40000 ALTER TABLE `prodServicos` ENABLE KEYS */;
UNLOCK TABLES;

--
-- Table structure for table `prodServicosInsumos`
--

DROP TABLE IF EXISTS `prodServicosInsumos`;
/*!40101 SET @saved_cs_client     = @@character_set_client */;
/*!40101 SET character_set_client = utf8 */;
CREATE TABLE `prodServicosInsumos` (
  `idServicoInsumos` int(11) NOT NULL AUTO_INCREMENT,
  `idServico` int(11) DEFAULT NULL,
  `idInsumo` int(11) DEFAULT NULL,
  `qtInsumo` float DEFAULT NULL,
  `vlUnitario` float DEFAULT NULL,
  `vlTotal` float DEFAULT NULL,
  `dsObservacao` varchar(255) DEFAULT NULL,
  PRIMARY KEY (`idServicoInsumos`),
  KEY `fk_prodServicosInsumos_1_idx` (`idServico`),
  KEY `fk_prodServicosInsumos_2_idx` (`idInsumo`),
  CONSTRAINT `fk_prodServicosInsumos_1` FOREIGN KEY (`idServico`) REFERENCES `prodServicos` (`idServico`) ON DELETE NO ACTION ON UPDATE NO ACTION,
  CONSTRAINT `fk_prodServicosInsumos_2` FOREIGN KEY (`idInsumo`) REFERENCES `prodInsumo` (`idInsumo`) ON DELETE NO ACTION ON UPDATE NO ACTION
) ENGINE=InnoDB AUTO_INCREMENT=16 DEFAULT CHARSET=latin1;
/*!40101 SET character_set_client = @saved_cs_client */;

--
-- Dumping data for table `prodServicosInsumos`
--

LOCK TABLES `prodServicosInsumos` WRITE;
/*!40000 ALTER TABLE `prodServicosInsumos` DISABLE KEYS */;
INSERT INTO `prodServicosInsumos` VALUES (3,3,1,1,12,12,'TESTE'),(5,1,1,3,12,36,'TESTE'),(7,6,7,0.5,0.5,0.25,'Lixa por m2'),(8,6,4,0.01,3,0.03,NULL),(9,6,8,0.05,50,2.5,'Uma lata pinta 20 mts'),(10,6,2,55,56,3080,'tetetert'),(11,6,2,555,56,31080,'etetetert'),(12,1,5,44,150,6600,'gggfdg'),(13,1,4,1,3,3,'sfsdfdfs'),(14,1,2,2,56,112,'safsdfasds'),(15,7,3,1111,600,666600,'dfgdggfdgd');
/*!40000 ALTER TABLE `prodServicosInsumos` ENABLE KEYS */;
UNLOCK TABLES;

--
-- Table structure for table `prodServicosMaoObra`
--

DROP TABLE IF EXISTS `prodServicosMaoObra`;
/*!40101 SET @saved_cs_client     = @@character_set_client */;
/*!40101 SET character_set_client = utf8 */;
CREATE TABLE `prodServicosMaoObra` (
  `idServicoMaoObra` int(11) NOT NULL AUTO_INCREMENT,
  `idServico` int(11) DEFAULT NULL,
  `idMaoObra` int(11) DEFAULT NULL,
  `qtHoras` float DEFAULT NULL,
  `vlUnitario` float DEFAULT NULL,
  `vlTotal` float DEFAULT NULL,
  `dsObservacao` varchar(45) DEFAULT NULL,
  PRIMARY KEY (`idServicoMaoObra`),
  KEY `fk_prodServicosMO_1_idx` (`idServico`),
  KEY `fk_prodServicosMO_2_idx` (`idMaoObra`),
  CONSTRAINT `fk_prodServicosMO_1` FOREIGN KEY (`idServico`) REFERENCES `prodServicos` (`idServico`) ON DELETE NO ACTION ON UPDATE NO ACTION,
  CONSTRAINT `fk_prodServicosMO_2` FOREIGN KEY (`idMaoObra`) REFERENCES `prodMaoObra` (`idMaoObra`) ON DELETE NO ACTION ON UPDATE NO ACTION
) ENGINE=InnoDB AUTO_INCREMENT=14 DEFAULT CHARSET=latin1;
/*!40101 SET character_set_client = @saved_cs_client */;

--
-- Dumping data for table `prodServicosMaoObra`
--

LOCK TABLES `prodServicosMaoObra` WRITE;
/*!40000 ALTER TABLE `prodServicosMaoObra` DISABLE KEYS */;
INSERT INTO `prodServicosMaoObra` VALUES (2,1,5,10,8000,80000,'TESTE'),(3,1,3,10,100,1000,'SDFFSDFDSF'),(4,4,6,300,10,3000,'Desenho e aprovação da planta'),(11,6,7,3,15,45,'TESTE'),(12,1,2,44,150,6600,'sfsfdsfs'),(13,7,2,0,150,0,'sdffsdfsdfds');
/*!40000 ALTER TABLE `prodServicosMaoObra` ENABLE KEYS */;
UNLOCK TABLES;

--
-- Table structure for table `prodServicosMaquinas`
--

DROP TABLE IF EXISTS `prodServicosMaquinas`;
/*!40101 SET @saved_cs_client     = @@character_set_client */;
/*!40101 SET character_set_client = utf8 */;
CREATE TABLE `prodServicosMaquinas` (
  `idServicoMaquina` int(11) NOT NULL AUTO_INCREMENT,
  `idServico` int(11) DEFAULT NULL,
  `idMaquina` int(11) DEFAULT NULL,
  `qtHoras` float DEFAULT NULL,
  `vlUnitario` float DEFAULT NULL,
  `vlTotal` float DEFAULT NULL,
  `dsObservacao` varchar(45) DEFAULT NULL,
  PRIMARY KEY (`idServicoMaquina`),
  KEY `fk_prodServicosMaquinas_1_idx` (`idServico`),
  KEY `fk_prodServicosMaquinas_2_idx` (`idMaquina`),
  CONSTRAINT `fk_prodServicosMaquinas_1` FOREIGN KEY (`idServico`) REFERENCES `prodServicos` (`idServico`) ON DELETE NO ACTION ON UPDATE NO ACTION,
  CONSTRAINT `fk_prodServicosMaquinas_2` FOREIGN KEY (`idMaquina`) REFERENCES `prodMaquina` (`idMaquina`) ON DELETE NO ACTION ON UPDATE NO ACTION
) ENGINE=InnoDB AUTO_INCREMENT=8 DEFAULT CHARSET=latin1;
/*!40101 SET character_set_client = @saved_cs_client */;

--
-- Dumping data for table `prodServicosMaquinas`
--

LOCK TABLES `prodServicosMaquinas` WRITE;
/*!40000 ALTER TABLE `prodServicosMaquinas` DISABLE KEYS */;
INSERT INTO `prodServicosMaquinas` VALUES (1,1,NULL,5,120,600,'TESTE'),(2,1,NULL,5,120,600,'AAA'),(3,1,NULL,6,120,720,'testse'),(4,1,NULL,6,120,720,'TESTE'),(5,1,1,100,120,12000,'TESTE'),(7,1,1,4,120,480,'safsdfdsf');
/*!40000 ALTER TABLE `prodServicosMaquinas` ENABLE KEYS */;
UNLOCK TABLES;

--
-- Table structure for table `prodSetor`
--

DROP TABLE IF EXISTS `prodSetor`;
/*!40101 SET @saved_cs_client     = @@character_set_client */;
/*!40101 SET character_set_client = utf8 */;
CREATE TABLE `prodSetor` (
  `idSetor` int(11) NOT NULL AUTO_INCREMENT,
  `dsSetor` varchar(45) DEFAULT NULL,
  `stStatus` tinyint(4) DEFAULT '1',
  PRIMARY KEY (`idSetor`)
) ENGINE=InnoDB AUTO_INCREMENT=7 DEFAULT CHARSET=latin1;
/*!40101 SET character_set_client = @saved_cs_client */;

--
-- Dumping data for table `prodSetor`
--

LOCK TABLES `prodSetor` WRITE;
/*!40000 ALTER TABLE `prodSetor` DISABLE KEYS */;
INSERT INTO `prodSetor` VALUES (1,'Tecnologia',1),(2,'Industria',1),(3,'Obra',1),(4,'Produção',1),(5,'Engenharia',1),(6,'Orçamento',1);
/*!40000 ALTER TABLE `prodSetor` ENABLE KEYS */;
UNLOCK TABLES;

--
-- Table structure for table `prodStatusMaquina`
--

DROP TABLE IF EXISTS `prodStatusMaquina`;
/*!40101 SET @saved_cs_client     = @@character_set_client */;
/*!40101 SET character_set_client = utf8 */;
CREATE TABLE `prodStatusMaquina` (
  `idStatusMaquina` int(11) NOT NULL AUTO_INCREMENT,
  `dsStatusMaquina` varchar(45) DEFAULT NULL,
  PRIMARY KEY (`idStatusMaquina`)
) ENGINE=InnoDB AUTO_INCREMENT=7 DEFAULT CHARSET=latin1;
/*!40101 SET character_set_client = @saved_cs_client */;

--
-- Dumping data for table `prodStatusMaquina`
--

LOCK TABLES `prodStatusMaquina` WRITE;
/*!40000 ALTER TABLE `prodStatusMaquina` DISABLE KEYS */;
INSERT INTO `prodStatusMaquina` VALUES (1,'Para ativar'),(2,'Em Manutenção'),(3,'Aguardando peça'),(4,'No Fornecedor'),(5,'Baixada'),(6,'Em Operação');
/*!40000 ALTER TABLE `prodStatusMaquina` ENABLE KEYS */;
UNLOCK TABLES;

--
-- Table structure for table `prodStatusOS`
--

DROP TABLE IF EXISTS `prodStatusOS`;
/*!40101 SET @saved_cs_client     = @@character_set_client */;
/*!40101 SET character_set_client = utf8 */;
CREATE TABLE `prodStatusOS` (
  `idStatusOS` int(11) NOT NULL AUTO_INCREMENT,
  `dsStatusOS` varchar(45) DEFAULT NULL,
  PRIMARY KEY (`idStatusOS`)
) ENGINE=InnoDB AUTO_INCREMENT=10 DEFAULT CHARSET=latin1;
/*!40101 SET character_set_client = @saved_cs_client */;

--
-- Dumping data for table `prodStatusOS`
--

LOCK TABLES `prodStatusOS` WRITE;
/*!40000 ALTER TABLE `prodStatusOS` DISABLE KEYS */;
INSERT INTO `prodStatusOS` VALUES (1,'Digitada'),(3,'Em andamento'),(4,'Cancelada'),(5,'Aguardando Aprovacao'),(6,'Pausada'),(7,'Finalizada'),(8,'Aprovado'),(9,'Solicitada');
/*!40000 ALTER TABLE `prodStatusOS` ENABLE KEYS */;
UNLOCK TABLES;

--
-- Table structure for table `prodStatusProjeto`
--

DROP TABLE IF EXISTS `prodStatusProjeto`;
/*!40101 SET @saved_cs_client     = @@character_set_client */;
/*!40101 SET character_set_client = utf8 */;
CREATE TABLE `prodStatusProjeto` (
  `idStatusProjeto` int(11) NOT NULL AUTO_INCREMENT,
  `dsStatusProjeto` varchar(45) DEFAULT NULL,
  PRIMARY KEY (`idStatusProjeto`)
) ENGINE=InnoDB AUTO_INCREMENT=9 DEFAULT CHARSET=latin1;
/*!40101 SET character_set_client = @saved_cs_client */;

--
-- Dumping data for table `prodStatusProjeto`
--

LOCK TABLES `prodStatusProjeto` WRITE;
/*!40000 ALTER TABLE `prodStatusProjeto` DISABLE KEYS */;
INSERT INTO `prodStatusProjeto` VALUES (1,'Aberto'),(2,'Em andamento'),(3,'Aguardando documentação'),(4,'Aguardando aprovação'),(5,'Aprovado'),(6,'Pausado'),(7,'Finalizado'),(8,'Cancelado');
/*!40000 ALTER TABLE `prodStatusProjeto` ENABLE KEYS */;
UNLOCK TABLES;

--
-- Table structure for table `prodTarefa`
--

DROP TABLE IF EXISTS `prodTarefa`;
/*!40101 SET @saved_cs_client     = @@character_set_client */;
/*!40101 SET character_set_client = utf8 */;
CREATE TABLE `prodTarefa` (
  `idTarefa` int(11) NOT NULL AUTO_INCREMENT,
  `dsTarefa` varchar(45) DEFAULT NULL,
  PRIMARY KEY (`idTarefa`)
) ENGINE=InnoDB AUTO_INCREMENT=8 DEFAULT CHARSET=latin1;
/*!40101 SET character_set_client = @saved_cs_client */;

--
-- Dumping data for table `prodTarefa`
--

LOCK TABLES `prodTarefa` WRITE;
/*!40000 ALTER TABLE `prodTarefa` DISABLE KEYS */;
INSERT INTO `prodTarefa` VALUES (5,'Trocar pneu'),(6,'Trocar Oleo'),(7,'TAREFA');
/*!40000 ALTER TABLE `prodTarefa` ENABLE KEYS */;
UNLOCK TABLES;

--
-- Table structure for table `prodTipoAgenda`
--

DROP TABLE IF EXISTS `prodTipoAgenda`;
/*!40101 SET @saved_cs_client     = @@character_set_client */;
/*!40101 SET character_set_client = utf8 */;
CREATE TABLE `prodTipoAgenda` (
  `idTipoAgenda` int(11) NOT NULL AUTO_INCREMENT,
  `dsTipoAgenda` varchar(45) DEFAULT NULL,
  `dsResumida` varchar(3) DEFAULT NULL,
  `dsCor` varchar(7) DEFAULT NULL,
  PRIMARY KEY (`idTipoAgenda`)
) ENGINE=InnoDB AUTO_INCREMENT=10 DEFAULT CHARSET=latin1;
/*!40101 SET character_set_client = @saved_cs_client */;

--
-- Dumping data for table `prodTipoAgenda`
--

LOCK TABLES `prodTipoAgenda` WRITE;
/*!40000 ALTER TABLE `prodTipoAgenda` DISABLE KEYS */;
INSERT INTO `prodTipoAgenda` VALUES (1,'Trabalho','NOR','#41720C'),(2,'Sabado','SAB','#D82A1D'),(3,'Domingo','DOM','#D82A1D'),(4,'Folga','FOL','#FF9800'),(5,'Ausente','AUS','#FFFFF'),(6,'Particular','PAR','#3F51B5'),(7,'Férias','FEE','#07DDFF'),(8,'Feriado','FER','#FFEB3B'),(9,'Fora da Empresa','FEM','#9EDFBE');
/*!40000 ALTER TABLE `prodTipoAgenda` ENABLE KEYS */;
UNLOCK TABLES;

--
-- Table structure for table `prodTipoCliente`
--

DROP TABLE IF EXISTS `prodTipoCliente`;
/*!40101 SET @saved_cs_client     = @@character_set_client */;
/*!40101 SET character_set_client = utf8 */;
CREATE TABLE `prodTipoCliente` (
  `idTipoCliente` int(11) NOT NULL AUTO_INCREMENT,
  `dsTipoCliente` varchar(45) DEFAULT NULL,
  PRIMARY KEY (`idTipoCliente`)
) ENGINE=InnoDB AUTO_INCREMENT=3 DEFAULT CHARSET=latin1;
/*!40101 SET character_set_client = @saved_cs_client */;

--
-- Dumping data for table `prodTipoCliente`
--

LOCK TABLES `prodTipoCliente` WRITE;
/*!40000 ALTER TABLE `prodTipoCliente` DISABLE KEYS */;
INSERT INTO `prodTipoCliente` VALUES (1,'Comprador de Sucatas'),(2,'Geral');
/*!40000 ALTER TABLE `prodTipoCliente` ENABLE KEYS */;
UNLOCK TABLES;

--
-- Table structure for table `prodTipoFalha`
--

DROP TABLE IF EXISTS `prodTipoFalha`;
/*!40101 SET @saved_cs_client     = @@character_set_client */;
/*!40101 SET character_set_client = utf8 */;
CREATE TABLE `prodTipoFalha` (
  `idTipoFalha` int(11) NOT NULL AUTO_INCREMENT,
  `dsTipoFalha` varchar(45) DEFAULT NULL,
  PRIMARY KEY (`idTipoFalha`)
) ENGINE=InnoDB AUTO_INCREMENT=2 DEFAULT CHARSET=latin1;
/*!40101 SET character_set_client = @saved_cs_client */;

--
-- Dumping data for table `prodTipoFalha`
--

LOCK TABLES `prodTipoFalha` WRITE;
/*!40000 ALTER TABLE `prodTipoFalha` DISABLE KEYS */;
INSERT INTO `prodTipoFalha` VALUES (1,'Falha na ventuinha');
/*!40000 ALTER TABLE `prodTipoFalha` ENABLE KEYS */;
UNLOCK TABLES;

--
-- Table structure for table `prodTipoFornecedor`
--

DROP TABLE IF EXISTS `prodTipoFornecedor`;
/*!40101 SET @saved_cs_client     = @@character_set_client */;
/*!40101 SET character_set_client = utf8 */;
CREATE TABLE `prodTipoFornecedor` (
  `idTipoFornecedor` int(11) NOT NULL AUTO_INCREMENT,
  `dsTipoFornecedor` varchar(45) DEFAULT NULL,
  PRIMARY KEY (`idTipoFornecedor`)
) ENGINE=InnoDB AUTO_INCREMENT=3 DEFAULT CHARSET=latin1;
/*!40101 SET character_set_client = @saved_cs_client */;

--
-- Dumping data for table `prodTipoFornecedor`
--

LOCK TABLES `prodTipoFornecedor` WRITE;
/*!40000 ALTER TABLE `prodTipoFornecedor` DISABLE KEYS */;
INSERT INTO `prodTipoFornecedor` VALUES (2,'Especial');
/*!40000 ALTER TABLE `prodTipoFornecedor` ENABLE KEYS */;
UNLOCK TABLES;

--
-- Table structure for table `prodTipoManutencao`
--

DROP TABLE IF EXISTS `prodTipoManutencao`;
/*!40101 SET @saved_cs_client     = @@character_set_client */;
/*!40101 SET character_set_client = utf8 */;
CREATE TABLE `prodTipoManutencao` (
  `idTipoManutencao` int(11) NOT NULL AUTO_INCREMENT,
  `dsTipoManutencao` varchar(45) DEFAULT NULL,
  PRIMARY KEY (`idTipoManutencao`)
) ENGINE=InnoDB AUTO_INCREMENT=6 DEFAULT CHARSET=latin1;
/*!40101 SET character_set_client = @saved_cs_client */;

--
-- Dumping data for table `prodTipoManutencao`
--

LOCK TABLES `prodTipoManutencao` WRITE;
/*!40000 ALTER TABLE `prodTipoManutencao` DISABLE KEYS */;
INSERT INTO `prodTipoManutencao` VALUES (1,'Preventiva'),(2,'Corretiva'),(3,'Projeto Civil e Mecanico'),(4,'Recomendação'),(5,'Unisagem');
/*!40000 ALTER TABLE `prodTipoManutencao` ENABLE KEYS */;
UNLOCK TABLES;

--
-- Table structure for table `prodTipoMaoObra`
--

DROP TABLE IF EXISTS `prodTipoMaoObra`;
/*!40101 SET @saved_cs_client     = @@character_set_client */;
/*!40101 SET character_set_client = utf8 */;
CREATE TABLE `prodTipoMaoObra` (
  `idTipoMaoObra` int(11) NOT NULL AUTO_INCREMENT,
  `dsTipoMaoObra` varchar(45) DEFAULT NULL,
  `stExecutaServico` varchar(1) DEFAULT NULL,
  `stUsaSistema` varchar(1) DEFAULT NULL,
  `stAprovaOS` varchar(1) DEFAULT NULL,
  PRIMARY KEY (`idTipoMaoObra`)
) ENGINE=InnoDB AUTO_INCREMENT=3 DEFAULT CHARSET=latin1;
/*!40101 SET character_set_client = @saved_cs_client */;

--
-- Dumping data for table `prodTipoMaoObra`
--

LOCK TABLES `prodTipoMaoObra` WRITE;
/*!40000 ALTER TABLE `prodTipoMaoObra` DISABLE KEYS */;
INSERT INTO `prodTipoMaoObra` VALUES (1,'Terceirizada',NULL,NULL,NULL),(2,'Interna',NULL,NULL,NULL);
/*!40000 ALTER TABLE `prodTipoMaoObra` ENABLE KEYS */;
UNLOCK TABLES;

--
-- Table structure for table `prodTipoMovimento`
--

DROP TABLE IF EXISTS `prodTipoMovimento`;
/*!40101 SET @saved_cs_client     = @@character_set_client */;
/*!40101 SET character_set_client = utf8 */;
CREATE TABLE `prodTipoMovimento` (
  `idTipoMovimento` int(11) NOT NULL AUTO_INCREMENT,
  `dsTipoMovimento` varchar(45) DEFAULT NULL,
  `stDC` text,
  PRIMARY KEY (`idTipoMovimento`)
) ENGINE=InnoDB AUTO_INCREMENT=7 DEFAULT CHARSET=latin1;
/*!40101 SET character_set_client = @saved_cs_client */;

--
-- Dumping data for table `prodTipoMovimento`
--

LOCK TABLES `prodTipoMovimento` WRITE;
/*!40000 ALTER TABLE `prodTipoMovimento` DISABLE KEYS */;
INSERT INTO `prodTipoMovimento` VALUES (1,'Compras','E'),(2,'Venda','S'),(3,'Sucata','S'),(4,'Outras Entradas','E'),(5,'Outras Saídas','S'),(6,'Aplicação Direta','S');
/*!40000 ALTER TABLE `prodTipoMovimento` ENABLE KEYS */;
UNLOCK TABLES;

--
-- Table structure for table `prodTipoOcorrencia`
--

DROP TABLE IF EXISTS `prodTipoOcorrencia`;
/*!40101 SET @saved_cs_client     = @@character_set_client */;
/*!40101 SET character_set_client = utf8 */;
CREATE TABLE `prodTipoOcorrencia` (
  `idTipoOcorrencia` int(11) NOT NULL AUTO_INCREMENT,
  `dsTipoOcorrencia` varchar(45) DEFAULT NULL,
  PRIMARY KEY (`idTipoOcorrencia`)
) ENGINE=InnoDB AUTO_INCREMENT=7 DEFAULT CHARSET=latin1;
/*!40101 SET character_set_client = @saved_cs_client */;

--
-- Dumping data for table `prodTipoOcorrencia`
--

LOCK TABLES `prodTipoOcorrencia` WRITE;
/*!40000 ALTER TABLE `prodTipoOcorrencia` DISABLE KEYS */;
INSERT INTO `prodTipoOcorrencia` VALUES (3,'Compras'),(4,'Outras Entradas'),(5,'Venda'),(6,'Outras Saídas');
/*!40000 ALTER TABLE `prodTipoOcorrencia` ENABLE KEYS */;
UNLOCK TABLES;

--
-- Table structure for table `prodTipoServico`
--

DROP TABLE IF EXISTS `prodTipoServico`;
/*!40101 SET @saved_cs_client     = @@character_set_client */;
/*!40101 SET character_set_client = utf8 */;
CREATE TABLE `prodTipoServico` (
  `idTipoServico` int(11) NOT NULL AUTO_INCREMENT,
  `dsTipoServico` varchar(45) DEFAULT NULL,
  PRIMARY KEY (`idTipoServico`)
) ENGINE=InnoDB AUTO_INCREMENT=4 DEFAULT CHARSET=latin1;
/*!40101 SET character_set_client = @saved_cs_client */;

--
-- Dumping data for table `prodTipoServico`
--

LOCK TABLES `prodTipoServico` WRITE;
/*!40000 ALTER TABLE `prodTipoServico` DISABLE KEYS */;
INSERT INTO `prodTipoServico` VALUES (1,'Interno'),(2,'Especial'),(3,'Externo');
/*!40000 ALTER TABLE `prodTipoServico` ENABLE KEYS */;
UNLOCK TABLES;

--
-- Table structure for table `prodTipoUsuario`
--

DROP TABLE IF EXISTS `prodTipoUsuario`;
/*!40101 SET @saved_cs_client     = @@character_set_client */;
/*!40101 SET character_set_client = utf8 */;
CREATE TABLE `prodTipoUsuario` (
  `idTipoUsuario` int(11) NOT NULL AUTO_INCREMENT,
  `dsTipoUsuario` varchar(45) DEFAULT NULL,
  `stInclui` tinyint(4) DEFAULT NULL,
  `stAltera` tinyint(4) DEFAULT NULL,
  `stExclui` tinyint(4) DEFAULT NULL,
  `stConsulta` tinyint(4) DEFAULT NULL,
  `stStatus` tinyint(4) DEFAULT '1',
  PRIMARY KEY (`idTipoUsuario`)
) ENGINE=InnoDB AUTO_INCREMENT=3 DEFAULT CHARSET=latin1;
/*!40101 SET character_set_client = @saved_cs_client */;

--
-- Dumping data for table `prodTipoUsuario`
--

LOCK TABLES `prodTipoUsuario` WRITE;
/*!40000 ALTER TABLE `prodTipoUsuario` DISABLE KEYS */;
INSERT INTO `prodTipoUsuario` VALUES (1,'Administrador',1,0,0,0,NULL),(2,'Usuario',0,0,0,1,NULL);
/*!40000 ALTER TABLE `prodTipoUsuario` ENABLE KEYS */;
UNLOCK TABLES;

--
-- Table structure for table `prodUnidade`
--

DROP TABLE IF EXISTS `prodUnidade`;
/*!40101 SET @saved_cs_client     = @@character_set_client */;
/*!40101 SET character_set_client = utf8 */;
CREATE TABLE `prodUnidade` (
  `idUnidade` int(11) NOT NULL AUTO_INCREMENT,
  `dsUnidade` varchar(3) DEFAULT NULL,
  PRIMARY KEY (`idUnidade`)
) ENGINE=InnoDB AUTO_INCREMENT=11 DEFAULT CHARSET=latin1;
/*!40101 SET character_set_client = @saved_cs_client */;

--
-- Dumping data for table `prodUnidade`
--

LOCK TABLES `prodUnidade` WRITE;
/*!40000 ALTER TABLE `prodUnidade` DISABLE KEYS */;
INSERT INTO `prodUnidade` VALUES (1,'UN'),(2,'PC'),(3,'KG'),(4,'TN'),(5,'LT'),(6,'HR'),(7,'DIA'),(8,'MES'),(9,'MT'),(10,'GAL');
/*!40000 ALTER TABLE `prodUnidade` ENABLE KEYS */;
UNLOCK TABLES;

--
-- Table structure for table `prodUsuarioPerfil`
--

DROP TABLE IF EXISTS `prodUsuarioPerfil`;
/*!40101 SET @saved_cs_client     = @@character_set_client */;
/*!40101 SET character_set_client = utf8 */;
CREATE TABLE `prodUsuarioPerfil` (
  `idUsuarioPerfil` int(11) NOT NULL AUTO_INCREMENT COMMENT 'Codigo do Perfil do Usuario',
  `idUsuario` int(11) NOT NULL COMMENT 'Codigo do Usuario',
  `idPerfil` int(11) NOT NULL COMMENT 'Codigo do Perfil',
  `stStatus` tinyint(4) NOT NULL DEFAULT '1' COMMENT 'Situacao do Registro (1-Ativo 0-Excluido)',
  PRIMARY KEY (`idUsuarioPerfil`),
  KEY `fk_prodUsuarioPerfil_1_idx` (`idUsuario`),
  KEY `fk_prodUsuarioPerfil_2_idx` (`idPerfil`),
  CONSTRAINT `fk_prodUsuarioPerfil_1` FOREIGN KEY (`idUsuario`) REFERENCES `prodUsuarios` (`idUsuario`) ON DELETE NO ACTION ON UPDATE NO ACTION,
  CONSTRAINT `fk_prodUsuarioPerfil_2` FOREIGN KEY (`idPerfil`) REFERENCES `prodPerfil` (`idPerfil`) ON DELETE NO ACTION ON UPDATE NO ACTION
) ENGINE=InnoDB AUTO_INCREMENT=2 DEFAULT CHARSET=utf8 COLLATE=utf8_bin AVG_ROW_LENGTH=4096 COMMENT='Usuarios Por Perfil';
/*!40101 SET character_set_client = @saved_cs_client */;

--
-- Dumping data for table `prodUsuarioPerfil`
--

LOCK TABLES `prodUsuarioPerfil` WRITE;
/*!40000 ALTER TABLE `prodUsuarioPerfil` DISABLE KEYS */;
INSERT INTO `prodUsuarioPerfil` VALUES (1,1,1,1);
/*!40000 ALTER TABLE `prodUsuarioPerfil` ENABLE KEYS */;
UNLOCK TABLES;

--
-- Table structure for table `prodUsuarios`
--

DROP TABLE IF EXISTS `prodUsuarios`;
/*!40101 SET @saved_cs_client     = @@character_set_client */;
/*!40101 SET character_set_client = utf8 */;
CREATE TABLE `prodUsuarios` (
  `idUsuario` int(11) NOT NULL AUTO_INCREMENT,
  `dsUsuario` varchar(45) DEFAULT NULL,
  `idTipoUsuario` int(11) DEFAULT NULL,
  `email` varchar(150) DEFAULT NULL,
  `senha` varchar(50) DEFAULT NULL,
  `idProjeto` int(11) DEFAULT NULL,
  `stStatus` tinyint(4) DEFAULT '1',
  `telefone1` varchar(20) DEFAULT NULL,
  `telefone2` varchar(20) DEFAULT NULL,
  PRIMARY KEY (`idUsuario`),
  KEY `fk_prodUsuarios_1_idx` (`idTipoUsuario`),
  CONSTRAINT `fk_prodUsuarios_1` FOREIGN KEY (`idTipoUsuario`) REFERENCES `prodTipoUsuario` (`idTipoUsuario`) ON DELETE NO ACTION ON UPDATE NO ACTION
) ENGINE=InnoDB AUTO_INCREMENT=2 DEFAULT CHARSET=latin1;
/*!40101 SET character_set_client = @saved_cs_client */;

--
-- Dumping data for table `prodUsuarios`
--

LOCK TABLES `prodUsuarios` WRITE;
/*!40000 ALTER TABLE `prodUsuarios` DISABLE KEYS */;
INSERT INTO `prodUsuarios` VALUES (1,'REIS',1,'jreislemos@outlook.com','100603rr',1,1,NULL,NULL);
/*!40000 ALTER TABLE `prodUsuarios` ENABLE KEYS */;
UNLOCK TABLES;
/*!40103 SET TIME_ZONE=@OLD_TIME_ZONE */;

/*!40101 SET SQL_MODE=@OLD_SQL_MODE */;
/*!40014 SET FOREIGN_KEY_CHECKS=@OLD_FOREIGN_KEY_CHECKS */;
/*!40014 SET UNIQUE_CHECKS=@OLD_UNIQUE_CHECKS */;
/*!40101 SET CHARACTER_SET_CLIENT=@OLD_CHARACTER_SET_CLIENT */;
/*!40101 SET CHARACTER_SET_RESULTS=@OLD_CHARACTER_SET_RESULTS */;
/*!40101 SET COLLATION_CONNECTION=@OLD_COLLATION_CONNECTION */;
/*!40111 SET SQL_NOTES=@OLD_SQL_NOTES */;

-- Dump completed on 2016-05-30 13:37:34
